question_idx,sentence_idx,layer_idx,early_decoder,probe_output,probe_ans
6,0,0,probe_model_answer_correct,"[0.5211674454512711, 0.4788325545487289]",0
6,0,1,probe_model_answer_correct,"[0.44774855885976034, 0.5522514411402397]",1
6,0,2,probe_model_answer_correct,"[0.512712102319647, 0.48728789768035297]",0
6,0,3,probe_model_answer_correct,"[0.5171183664918582, 0.4828816335081419]",0
6,0,4,probe_model_answer_correct,"[0.5140084492028787, 0.48599155079712136]",0
6,0,5,probe_model_answer_correct,"[0.5696159652005182, 0.4303840347994818]",0
6,0,6,probe_model_answer_correct,"[0.5067817584713585, 0.4932182415286414]",0
6,0,7,probe_model_answer_correct,"[0.5295064998835061, 0.47049350011649393]",0
6,0,8,probe_model_answer_correct,"[0.47357970721081877, 0.5264202927891812]",1
6,0,9,probe_model_answer_correct,"[0.45827447587261066, 0.5417255241273893]",1
6,0,10,probe_model_answer_correct,"[0.44682944301278643, 0.5531705569872136]",1
6,0,11,probe_model_answer_correct,"[0.45210217641063266, 0.5478978235893672]",1
6,0,12,probe_model_answer_correct,"[0.4897594533083594, 0.5102405466916407]",1
6,0,13,probe_model_answer_correct,"[0.5543744528368293, 0.4456255471631709]",0
6,0,14,probe_model_answer_correct,"[0.4436816999961669, 0.5563183000038331]",1
6,0,15,probe_model_answer_correct,"[0.4946350570078244, 0.5053649429921756]",1
6,0,16,probe_model_answer_correct,"[0.5385714036943339, 0.46142859630566607]",0
6,0,17,probe_model_answer_correct,"[0.5762989675440275, 0.4237010324559725]",0
6,0,18,probe_model_answer_correct,"[0.4990561039013933, 0.5009438960986067]",1
6,0,19,probe_model_answer_correct,"[0.5378546022842016, 0.4621453977157984]",0
6,0,20,probe_model_answer_correct,"[0.5540468956094369, 0.4459531043905631]",0
6,0,21,probe_model_answer_correct,"[0.5345861016637823, 0.46541389833621766]",0
6,0,22,probe_model_answer_correct,"[0.5081012849318889, 0.491898715068111]",0
6,0,23,probe_model_answer_correct,"[0.4169175170643018, 0.5830824829356983]",1
6,0,24,probe_model_answer_correct,"[0.4875113168935674, 0.5124886831064326]",1
6,0,25,probe_model_answer_correct,"[0.49572923921865775, 0.5042707607813421]",1
6,0,26,probe_model_answer_correct,"[0.499409924870489, 0.500590075129511]",1
6,0,27,probe_model_answer_correct,"[0.48645159337464705, 0.5135484066253528]",1
6,1,0,probe_model_answer_correct,"[0.5360612091830689, 0.46393879081693123]",0
6,1,1,probe_model_answer_correct,"[0.47368040098324765, 0.5263195990167525]",1
6,1,2,probe_model_answer_correct,"[0.5220374181707893, 0.4779625818292107]",0
6,1,3,probe_model_answer_correct,"[0.48662592900039536, 0.5133740709996046]",1
6,1,4,probe_model_answer_correct,"[0.5309568387229399, 0.4690431612770602]",0
6,1,5,probe_model_answer_correct,"[0.46762758786421915, 0.5323724121357809]",1
6,1,6,probe_model_answer_correct,"[0.4779781298669807, 0.5220218701330193]",1
6,1,7,probe_model_answer_correct,"[0.46343721411609595, 0.536562785883904]",1
6,1,8,probe_model_answer_correct,"[0.5024096542079441, 0.4975903457920559]",0
6,1,9,probe_model_answer_correct,"[0.532671977093086, 0.46732802290691405]",0
6,1,10,probe_model_answer_correct,"[0.579914739679233, 0.42008526032076693]",0
6,1,11,probe_model_answer_correct,"[0.44372261778069705, 0.5562773822193029]",1
6,1,12,probe_model_answer_correct,"[0.4811976674299619, 0.5188023325700382]",1
6,1,13,probe_model_answer_correct,"[0.5567689366865682, 0.4432310633134316]",0
6,1,14,probe_model_answer_correct,"[0.5122820984208654, 0.48771790157913464]",0
6,1,15,probe_model_answer_correct,"[0.49183649545336533, 0.5081635045466347]",1
6,1,16,probe_model_answer_correct,"[0.4953443286673025, 0.5046556713326974]",1
6,1,17,probe_model_answer_correct,"[0.5242941836196797, 0.47570581638032033]",0
6,1,18,probe_model_answer_correct,"[0.49816377655531296, 0.501836223444687]",1
6,1,19,probe_model_answer_correct,"[0.4867266577106987, 0.5132733422893014]",1
6,1,20,probe_model_answer_correct,"[0.5238854311258198, 0.47611456887418013]",0
6,1,21,probe_model_answer_correct,"[0.464657511862239, 0.5353424881377612]",1
6,1,22,probe_model_answer_correct,"[0.4952218201850155, 0.5047781798149844]",1
6,1,23,probe_model_answer_correct,"[0.4375550999410704, 0.5624449000589299]",1
6,1,24,probe_model_answer_correct,"[0.4991473537646958, 0.5008526462353042]",1
6,1,25,probe_model_answer_correct,"[0.4763395922642619, 0.5236604077357381]",1
6,1,26,probe_model_answer_correct,"[0.49259308775931077, 0.5074069122406892]",1
6,1,27,probe_model_answer_correct,"[0.5063384114824939, 0.49366158851750597]",0
6,2,0,probe_model_answer_correct,"[0.47144863247065605, 0.5285513675293441]",1
6,2,1,probe_model_answer_correct,"[0.5256690004888107, 0.47433099951118907]",0
6,2,2,probe_model_answer_correct,"[0.4958912519849448, 0.5041087480150551]",1
6,2,3,probe_model_answer_correct,"[0.4989283920439584, 0.5010716079560416]",1
6,2,4,probe_model_answer_correct,"[0.5055496677814739, 0.494450332218526]",0
6,2,5,probe_model_answer_correct,"[0.5073551270237419, 0.4926448729762581]",0
6,2,6,probe_model_answer_correct,"[0.5045031363437477, 0.49549686365625245]",0
6,2,7,probe_model_answer_correct,"[0.490868716170938, 0.5091312838290619]",1
6,2,8,probe_model_answer_correct,"[0.47575351430291124, 0.5242464856970886]",1
6,2,9,probe_model_answer_correct,"[0.4800506585541349, 0.519949341445865]",1
6,2,10,probe_model_answer_correct,"[0.4907310048495691, 0.5092689951504309]",1
6,2,11,probe_model_answer_correct,"[0.46392866122673454, 0.5360713387732652]",1
6,2,12,probe_model_answer_correct,"[0.5179988946965741, 0.48200110530342577]",0
6,2,13,probe_model_answer_correct,"[0.47733050260322124, 0.5226694973967787]",1
6,2,14,probe_model_answer_correct,"[0.47593089033403885, 0.5240691096659611]",1
6,2,15,probe_model_answer_correct,"[0.49205678506474765, 0.5079432149352523]",1
6,2,16,probe_model_answer_correct,"[0.5254626073560947, 0.4745373926439054]",0
6,2,17,probe_model_answer_correct,"[0.4824139276446928, 0.5175860723553074]",1
6,2,18,probe_model_answer_correct,"[0.5475817211759231, 0.4524182788240769]",0
6,2,19,probe_model_answer_correct,"[0.4978506326636107, 0.5021493673363894]",1
6,2,20,probe_model_answer_correct,"[0.5186311691932266, 0.48136883080677345]",0
6,2,21,probe_model_answer_correct,"[0.4970394394355226, 0.5029605605644775]",1
6,2,22,probe_model_answer_correct,"[0.49567433827161206, 0.504325661728388]",1
6,2,23,probe_model_answer_correct,"[0.492925869930395, 0.507074130069605]",1
6,2,24,probe_model_answer_correct,"[0.5258903819504508, 0.4741096180495493]",0
6,2,25,probe_model_answer_correct,"[0.5061911883683221, 0.493808811631678]",0
6,2,26,probe_model_answer_correct,"[0.500186693299673, 0.4998133067003269]",0
6,2,27,probe_model_answer_correct,"[0.5263091886531371, 0.47369081134686297]",0
6,3,0,probe_model_answer_correct,"[0.45295753446989434, 0.5470424655301057]",1
6,3,1,probe_model_answer_correct,"[0.4946897582140809, 0.5053102417859191]",1
6,3,2,probe_model_answer_correct,"[0.4579737408497443, 0.5420262591502558]",1
6,3,3,probe_model_answer_correct,"[0.47761043596833486, 0.5223895640316654]",1
6,3,4,probe_model_answer_correct,"[0.4335181916036182, 0.5664818083963818]",1
6,3,5,probe_model_answer_correct,"[0.4830466161912263, 0.5169533838087735]",1
6,3,6,probe_model_answer_correct,"[0.521862421824659, 0.4781375781753411]",0
6,3,7,probe_model_answer_correct,"[0.4633011637520751, 0.5366988362479248]",1
6,3,8,probe_model_answer_correct,"[0.5261051091058759, 0.47389489089412395]",0
6,3,9,probe_model_answer_correct,"[0.4874666664433819, 0.5125333335566181]",1
6,3,10,probe_model_answer_correct,"[0.5055314953924631, 0.49446850460753705]",0
6,3,11,probe_model_answer_correct,"[0.5076532041216941, 0.4923467958783059]",0
6,3,12,probe_model_answer_correct,"[0.46225831680414725, 0.5377416831958528]",1
6,3,13,probe_model_answer_correct,"[0.5147878467211568, 0.48521215327884304]",0
6,3,14,probe_model_answer_correct,"[0.4718013142539698, 0.5281986857460302]",1
6,3,15,probe_model_answer_correct,"[0.5263482106760178, 0.47365178932398233]",0
6,3,16,probe_model_answer_correct,"[0.49880920058733696, 0.5011907994126631]",1
6,3,17,probe_model_answer_correct,"[0.5190822873993906, 0.48091771260060934]",0
6,3,18,probe_model_answer_correct,"[0.4920325635192889, 0.5079674364807111]",1
6,3,19,probe_model_answer_correct,"[0.49882421259022514, 0.5011757874097746]",1
6,3,20,probe_model_answer_correct,"[0.5414344634892599, 0.45856553651074017]",0
6,3,21,probe_model_answer_correct,"[0.5260921477857651, 0.47390785221423515]",0
6,3,22,probe_model_answer_correct,"[0.5313531068698222, 0.4686468931301777]",0
6,3,23,probe_model_answer_correct,"[0.4721356477027632, 0.5278643522972367]",1
6,3,24,probe_model_answer_correct,"[0.5534732824933867, 0.44652671750661316]",0
6,3,25,probe_model_answer_correct,"[0.513063349212822, 0.48693665078717785]",0
6,3,26,probe_model_answer_correct,"[0.48251104366249886, 0.5174889563375011]",1
6,3,27,probe_model_answer_correct,"[0.46471011876140084, 0.5352898812385993]",1
6,4,0,probe_model_answer_correct,"[0.509027486928759, 0.490972513071241]",0
6,4,1,probe_model_answer_correct,"[0.5278188793801665, 0.4721811206198335]",0
6,4,2,probe_model_answer_correct,"[0.46699525319242197, 0.5330047468075781]",1
6,4,3,probe_model_answer_correct,"[0.5474090457604105, 0.45259095423958934]",0
6,4,4,probe_model_answer_correct,"[0.519551768570467, 0.48044823142953297]",0
6,4,5,probe_model_answer_correct,"[0.5669183838330775, 0.43308161616692253]",0
6,4,6,probe_model_answer_correct,"[0.553831477980428, 0.4461685220195719]",0
6,4,7,probe_model_answer_correct,"[0.49751606590693986, 0.5024839340930604]",1
6,4,8,probe_model_answer_correct,"[0.534067365184609, 0.465932634815391]",0
6,4,9,probe_model_answer_correct,"[0.512170825237971, 0.4878291747620289]",0
6,4,10,probe_model_answer_correct,"[0.5086955656336043, 0.49130443436639576]",0
6,4,11,probe_model_answer_correct,"[0.4832973873849406, 0.5167026126150595]",1
6,4,12,probe_model_answer_correct,"[0.5295481567010124, 0.4704518432989877]",0
6,4,13,probe_model_answer_correct,"[0.5159794146217701, 0.4840205853782299]",0
6,4,14,probe_model_answer_correct,"[0.5174790599469536, 0.4825209400530463]",0
6,4,15,probe_model_answer_correct,"[0.5170684912010743, 0.4829315087989257]",0
6,4,16,probe_model_answer_correct,"[0.4655714309015258, 0.5344285690984742]",1
6,4,17,probe_model_answer_correct,"[0.44322872060486723, 0.5567712793951326]",1
6,4,18,probe_model_answer_correct,"[0.4918145703834441, 0.5081854296165559]",1
6,4,19,probe_model_answer_correct,"[0.5153560240106106, 0.48464397598938924]",0
6,4,20,probe_model_answer_correct,"[0.5293450659153418, 0.4706549340846583]",0
6,4,21,probe_model_answer_correct,"[0.4804753393648955, 0.5195246606351046]",1
6,4,22,probe_model_answer_correct,"[0.5338068809893474, 0.4661931190106526]",0
6,4,23,probe_model_answer_correct,"[0.5328517643611147, 0.46714823563888536]",0
6,4,24,probe_model_answer_correct,"[0.5339894779273153, 0.4660105220726847]",0
6,4,25,probe_model_answer_correct,"[0.5528323772166297, 0.4471676227833704]",0
6,4,26,probe_model_answer_correct,"[0.49937879720087036, 0.5006212027991295]",1
6,4,27,probe_model_answer_correct,"[0.5011901596576211, 0.4988098403423787]",0
6,0,0,probe_model_answer,"[0.28702038571107424, 0.2689975364949024, 0.2299363824224442, 0.2140456953715791]",A
6,0,1,probe_model_answer,"[0.22159850626698116, 0.2817455673625994, 0.2354964993570857, 0.2611594270133336]",B
6,0,2,probe_model_answer,"[0.23231741997350888, 0.22071631627527272, 0.24091556681385534, 0.306050696937363]",D
6,0,3,probe_model_answer,"[0.234050587374582, 0.3054285990542781, 0.20860994748095749, 0.2519108660901825]",B
6,0,4,probe_model_answer,"[0.24497582720809039, 0.23252590175402088, 0.25618971245039124, 0.2663085585874976]",D
6,0,5,probe_model_answer,"[0.22146371930332656, 0.20957831176281563, 0.2836251528578841, 0.28533281607597377]",D
6,0,6,probe_model_answer,"[0.27575756784510613, 0.23576607875117542, 0.2571451283033032, 0.23133122510041532]",A
6,0,7,probe_model_answer,"[0.258651305485544, 0.28018785279623526, 0.20986799136653872, 0.251292850351682]",B
6,0,8,probe_model_answer,"[0.2784012884702419, 0.2327578472989257, 0.24780285791189832, 0.24103800631893393]",A
6,0,9,probe_model_answer,"[0.2384116819208002, 0.261646771533642, 0.2392414283464987, 0.2607001181990592]",B
6,0,10,probe_model_answer,"[0.24856864259079153, 0.22310544386007455, 0.22584548229854437, 0.30248043125058954]",D
6,0,11,probe_model_answer,"[0.21887315696297574, 0.27341415838943706, 0.23557639905978817, 0.27213628558779923]",B
6,0,12,probe_model_answer,"[0.2539611739793194, 0.23833937947656783, 0.2786218194228242, 0.22907762712128868]",C
6,0,13,probe_model_answer,"[0.3041772742309985, 0.22929119662328218, 0.24321773765061303, 0.22331379149510625]",A
6,0,14,probe_model_answer,"[0.222386649648461, 0.25648103970137776, 0.2935299061443982, 0.22760240450576297]",C
6,0,15,probe_model_answer,"[0.27269727803584803, 0.24302596935893073, 0.25933472966391397, 0.22494202294130755]",A
6,0,16,probe_model_answer,"[0.25030089601165423, 0.25190833443257526, 0.25550539208441914, 0.2422853774713515]",C
6,0,17,probe_model_answer,"[0.22999302914761247, 0.27675444569840174, 0.20732237695619724, 0.28593014819778856]",D
6,0,18,probe_model_answer,"[0.285284425774378, 0.2358104541285025, 0.24443902628220618, 0.23446609381491326]",A
6,0,19,probe_model_answer,"[0.2176733490842046, 0.26405728450425076, 0.28107623936115755, 0.237193127050387]",C
6,0,20,probe_model_answer,"[0.23199821728307665, 0.23775069188176154, 0.25454668058842406, 0.27570441024673764]",D
6,0,21,probe_model_answer,"[0.2615083385949696, 0.24759132495683242, 0.2140051082701282, 0.27689522817806994]",D
6,0,22,probe_model_answer,"[0.2473393650196985, 0.24830864553640986, 0.2362561591346863, 0.2680958303092051]",D
6,0,23,probe_model_answer,"[0.25608083069015247, 0.22972438987754806, 0.2477934376081961, 0.2664013418241033]",D
6,0,24,probe_model_answer,"[0.20136473787002887, 0.2678682536663791, 0.28997436627028145, 0.24079264219331062]",C
6,0,25,probe_model_answer,"[0.2319156764363344, 0.19276481572868767, 0.28741877735400945, 0.28790073048096854]",D
6,0,26,probe_model_answer,"[0.22468027685460187, 0.2981585766479475, 0.22839624363387648, 0.24876490286357433]",B
6,0,27,probe_model_answer,"[0.2737315256450476, 0.25308777102999186, 0.22508237875779571, 0.24809832456716485]",A
6,1,0,probe_model_answer,"[0.2867594599439608, 0.2645460210197318, 0.2150177359453162, 0.23367678309099116]",A
6,1,1,probe_model_answer,"[0.21660162300422875, 0.2632663891393897, 0.2802383788719426, 0.23989360898443893]",C
6,1,2,probe_model_answer,"[0.2333965843842784, 0.2580342691717663, 0.25746978055175695, 0.2510993658921982]",B
6,1,3,probe_model_answer,"[0.24698438415951812, 0.24621042679187746, 0.26215746631325415, 0.24464772273535046]",C
6,1,4,probe_model_answer,"[0.21167425563589456, 0.2400216309056957, 0.31809872771642483, 0.23020538574198476]",C
6,1,5,probe_model_answer,"[0.26442004650020384, 0.29269912065306586, 0.22368397619269811, 0.21919685665403213]",B
6,1,6,probe_model_answer,"[0.25348930072175924, 0.2538944991565044, 0.258323414546063, 0.23429278557567348]",C
6,1,7,probe_model_answer,"[0.2638558027663775, 0.2621469014203378, 0.2389641115871391, 0.23503318422614536]",A
6,1,8,probe_model_answer,"[0.2483481330372774, 0.2003921479538159, 0.2980711646862129, 0.25318855432269377]",C
6,1,9,probe_model_answer,"[0.27366375035294555, 0.2408788697581587, 0.2385064010891175, 0.24695097879977804]",A
6,1,10,probe_model_answer,"[0.2324746407290751, 0.2384964560527161, 0.2492961591970758, 0.2797327440211331]",D
6,1,11,probe_model_answer,"[0.25622088122516606, 0.2496677281553692, 0.2463613023840677, 0.24775008823539707]",A
6,1,12,probe_model_answer,"[0.2676475051167361, 0.22748517937942717, 0.26018632325048563, 0.2446809922533511]",A
6,1,13,probe_model_answer,"[0.24322411361831098, 0.2521845807088419, 0.24362078002546353, 0.26097052564738354]",D
6,1,14,probe_model_answer,"[0.23585401533122055, 0.22603755169887368, 0.26904462899529463, 0.2690638039746112]",D
6,1,15,probe_model_answer,"[0.23696030004664356, 0.23712042403037123, 0.2506849513311155, 0.2752343245918697]",D
6,1,16,probe_model_answer,"[0.25582313934128276, 0.25750811605914775, 0.21475767367588836, 0.2719110709236812]",D
6,1,17,probe_model_answer,"[0.28889809374895586, 0.25070531554230147, 0.2364792498228734, 0.2239173408858693]",A
6,1,18,probe_model_answer,"[0.2443954197533845, 0.25012025547487865, 0.25512035274992206, 0.2503639720218148]",C
6,1,19,probe_model_answer,"[0.21736977534825308, 0.23180160112175496, 0.2649934144179486, 0.2858352091120436]",D
6,1,20,probe_model_answer,"[0.23926388199110368, 0.23071750799454518, 0.2799279993017813, 0.2500906107125697]",C
6,1,21,probe_model_answer,"[0.2645444450341267, 0.22454466244467192, 0.26516856211443585, 0.24574233040676574]",C
6,1,22,probe_model_answer,"[0.23623979243538784, 0.26680022032401746, 0.2547492312710945, 0.24221075596950029]",B
6,1,23,probe_model_answer,"[0.23171001519988343, 0.23566704742984879, 0.26363580137078646, 0.2689871359994813]",D
6,1,24,probe_model_answer,"[0.23415437459070532, 0.21341389273235026, 0.2917435716134726, 0.26068816106347187]",C
6,1,25,probe_model_answer,"[0.24251127554243368, 0.23877208019205423, 0.26470132123160445, 0.2540153230339075]",C
6,1,26,probe_model_answer,"[0.23857139687928788, 0.21387310319194064, 0.27393948839387894, 0.2736160115348926]",C
6,1,27,probe_model_answer,"[0.28032106050775324, 0.1978221508651668, 0.29263024811877303, 0.22922654050830715]",C
6,2,0,probe_model_answer,"[0.26024928661340163, 0.25483357277885116, 0.23904393238429072, 0.24587320822345662]",A
6,2,1,probe_model_answer,"[0.27390979012270855, 0.24673499403673932, 0.24649739175304325, 0.2328578240875091]",A
6,2,2,probe_model_answer,"[0.25596603841802035, 0.2714065927263199, 0.2421609661622204, 0.23046640269343927]",B
6,2,3,probe_model_answer,"[0.24629783067117061, 0.26168087432485804, 0.22199264803342, 0.27002864697055146]",D
6,2,4,probe_model_answer,"[0.23373399896501168, 0.25279419529450814, 0.2528289645455106, 0.2606428411949695]",D
6,2,5,probe_model_answer,"[0.2501177882014695, 0.26226833926570664, 0.24983006318535353, 0.23778380934747037]",B
6,2,6,probe_model_answer,"[0.2574922464420296, 0.24527399192627605, 0.24736036230042002, 0.2498733993312743]",A
6,2,7,probe_model_answer,"[0.2629442717427431, 0.22943455128552886, 0.2654609047968434, 0.2421602721748847]",C
6,2,8,probe_model_answer,"[0.2721370508924321, 0.22978743299825533, 0.23996740062242664, 0.2581081154868861]",A
6,2,9,probe_model_answer,"[0.26275615739331337, 0.2656065213288743, 0.2401698451793456, 0.23146747609846693]",B
6,2,10,probe_model_answer,"[0.2436898917159234, 0.24475288692867297, 0.262203381244483, 0.24935384011092043]",C
6,2,11,probe_model_answer,"[0.26846164574082354, 0.25510751605711623, 0.2436010850081895, 0.23282975319387053]",A
6,2,12,probe_model_answer,"[0.24828922124722136, 0.26406764098776575, 0.24608513100252002, 0.24155800676249295]",B
6,2,13,probe_model_answer,"[0.26009535978985515, 0.24061719068944046, 0.2596003281041246, 0.2396871214165798]",A
6,2,14,probe_model_answer,"[0.25598428262177014, 0.2738376332239023, 0.22378851986521486, 0.24638956428911257]",B
6,2,15,probe_model_answer,"[0.22750479112537458, 0.2683306044133567, 0.243896389334001, 0.2602682151272677]",B
6,2,16,probe_model_answer,"[0.2644705653112744, 0.25367349992459937, 0.23171371273708982, 0.25014222202703645]",A
6,2,17,probe_model_answer,"[0.22378651030205332, 0.2704819574280044, 0.23758088301896715, 0.2681506492509752]",B
6,2,18,probe_model_answer,"[0.25063946351161687, 0.2537779559768535, 0.23320516188460969, 0.2623774186269195]",D
6,2,19,probe_model_answer,"[0.24801104314080552, 0.24795641049386713, 0.25541790544247245, 0.24861464092285504]",C
6,2,20,probe_model_answer,"[0.2454902695537942, 0.26868397499748037, 0.2306732159089846, 0.2551525395397408]",B
6,2,21,probe_model_answer,"[0.2617720496548378, 0.23905138322184555, 0.2551188258839841, 0.24405774123933266]",A
6,2,22,probe_model_answer,"[0.24414852527488942, 0.23617776347427608, 0.24558006590987308, 0.27409364534096137]",D
6,2,23,probe_model_answer,"[0.22814108661234117, 0.2411424763781713, 0.25861846574107467, 0.27209797126841284]",D
6,2,24,probe_model_answer,"[0.25338791666329863, 0.24100910577495818, 0.2532046618847249, 0.2523983156770179]",A
6,2,25,probe_model_answer,"[0.26518923370114883, 0.23461324303614697, 0.24138187710344952, 0.2588156461592545]",A
6,2,26,probe_model_answer,"[0.24689948525870858, 0.26413179777568846, 0.24796352180794654, 0.2410051951576563]",B
6,2,27,probe_model_answer,"[0.23760459668559447, 0.25322310156629774, 0.26717924608216287, 0.24199305566594503]",C
6,3,0,probe_model_answer,"[0.29012014107693745, 0.22700255633074323, 0.2346516264610839, 0.24822567613123556]",A
6,3,1,probe_model_answer,"[0.30094096896772, 0.19890168920675388, 0.26998533655851836, 0.23017200526700762]",A
6,3,2,probe_model_answer,"[0.25618611399648433, 0.2291589627047134, 0.2612291581383206, 0.25342576516048154]",C
6,3,3,probe_model_answer,"[0.23708114637651245, 0.25643088502656786, 0.2738669934207677, 0.23262097517615218]",C
6,3,4,probe_model_answer,"[0.2759951298662013, 0.2433947152011255, 0.22162204959671003, 0.258988105335963]",A
6,3,5,probe_model_answer,"[0.24207349987348567, 0.2668288530508204, 0.23089760649745125, 0.26020004057824275]",B
6,3,6,probe_model_answer,"[0.2555790497408545, 0.269453939955753, 0.228830663086983, 0.2461363472164095]",B
6,3,7,probe_model_answer,"[0.23874422395264844, 0.22999169213654982, 0.24660603906930853, 0.28465804484149326]",D
6,3,8,probe_model_answer,"[0.24903941975703126, 0.2297862450883098, 0.259651684369286, 0.2615226507853728]",D
6,3,9,probe_model_answer,"[0.27857965934254897, 0.2440337753433269, 0.2558863037883932, 0.22150026152573088]",A
6,3,10,probe_model_answer,"[0.24918016910156435, 0.2315208619750101, 0.24547452909874187, 0.2738244398246837]",D
6,3,11,probe_model_answer,"[0.2690000251728227, 0.252631756588028, 0.25910675027928626, 0.2192614679598629]",A
6,3,12,probe_model_answer,"[0.23333728543139454, 0.26344723639720147, 0.29780568243139743, 0.20540979574000676]",C
6,3,13,probe_model_answer,"[0.28041496573128555, 0.242050922580346, 0.24641514275253196, 0.23111896893583653]",A
6,3,14,probe_model_answer,"[0.2661516207028234, 0.22833786949840995, 0.2576271977273519, 0.2478833120714147]",A
6,3,15,probe_model_answer,"[0.23989886629729934, 0.2410587948914435, 0.2765972844030204, 0.2424450544082368]",C
6,3,16,probe_model_answer,"[0.22123650651867768, 0.2643830059628172, 0.25679462987204943, 0.2575858576464558]",B
6,3,17,probe_model_answer,"[0.2304874252988907, 0.2812747757421262, 0.2248081191458465, 0.26342967981313653]",B
6,3,18,probe_model_answer,"[0.2510371876147649, 0.2299940031562921, 0.2677970474517669, 0.25117176177717604]",C
6,3,19,probe_model_answer,"[0.2526975555504064, 0.2356825008092271, 0.26860281680082004, 0.24301712683954646]",C
6,3,20,probe_model_answer,"[0.22341578000086457, 0.2409196781656915, 0.2665020785621935, 0.26916246327125043]",D
6,3,21,probe_model_answer,"[0.2669116285014703, 0.2559196054648823, 0.2505230987374916, 0.22664566729615576]",A
6,3,22,probe_model_answer,"[0.22918343367292937, 0.23576333663303647, 0.2545460446340943, 0.28050718505993977]",D
6,3,23,probe_model_answer,"[0.2801278456066737, 0.23390561544482386, 0.22092826971730278, 0.2650382692311996]",A
6,3,24,probe_model_answer,"[0.256386789363196, 0.2786975058858798, 0.24228579888339938, 0.22262990586752485]",B
6,3,25,probe_model_answer,"[0.25957655435094606, 0.2267073853905515, 0.24479425049094922, 0.2689218097675533]",D
6,3,26,probe_model_answer,"[0.2612174604065811, 0.2238472592977245, 0.257214148339155, 0.25772113195653956]",A
6,3,27,probe_model_answer,"[0.23653855515244362, 0.2601272246144101, 0.2376950908519015, 0.26563912938124473]",D
6,4,0,probe_model_answer,"[0.22404702666202195, 0.24781777214770417, 0.2691170444124553, 0.2590181567778187]",C
6,4,1,probe_model_answer,"[0.23662805841006332, 0.27198005498875294, 0.25991863296758505, 0.23147325363359866]",B
6,4,2,probe_model_answer,"[0.20823420349517602, 0.2839772212848326, 0.2663646509361326, 0.2414239242838588]",B
6,4,3,probe_model_answer,"[0.24379729569798897, 0.2526953776730066, 0.2362078302173213, 0.2672994964116832]",D
6,4,4,probe_model_answer,"[0.27271168793117767, 0.23266598949075096, 0.23181007024433647, 0.26281225233373473]",A
6,4,5,probe_model_answer,"[0.24391144513972643, 0.2462266213099677, 0.2557925778069037, 0.25406935574340206]",C
6,4,6,probe_model_answer,"[0.24302620074180545, 0.28139375542045025, 0.2197242077141447, 0.2558558361235996]",B
6,4,7,probe_model_answer,"[0.2583656106013384, 0.2563022822652295, 0.2487601002177007, 0.2365720069157312]",A
6,4,8,probe_model_answer,"[0.22523611348144393, 0.24890762010941758, 0.26010383845897156, 0.26575242795016696]",D
6,4,9,probe_model_answer,"[0.26301917226764826, 0.25575184404575263, 0.2465305770762273, 0.23469840661037195]",A
6,4,10,probe_model_answer,"[0.22620790960289078, 0.2979009452352183, 0.25769374204485174, 0.21819740311703914]",B
6,4,11,probe_model_answer,"[0.26640223888835174, 0.2217242150437011, 0.26268830393667414, 0.24918524213127302]",A
6,4,12,probe_model_answer,"[0.24495743224364946, 0.2248681312042713, 0.2461561797033063, 0.284018256848773]",D
6,4,13,probe_model_answer,"[0.2673882434395869, 0.28726844592210343, 0.2414615146110713, 0.2038817960272383]",B
6,4,14,probe_model_answer,"[0.2653138472385032, 0.24696919308143722, 0.24349254359875083, 0.24422441608130874]",A
6,4,15,probe_model_answer,"[0.2436451494048978, 0.26530935355720003, 0.24399541397656901, 0.2470500830613331]",B
6,4,16,probe_model_answer,"[0.26660529867791877, 0.22823143792309633, 0.23783139944834109, 0.2673318639506438]",D
6,4,17,probe_model_answer,"[0.20549268207050264, 0.25582557704693526, 0.2862324822733473, 0.25244925860921485]",C
6,4,18,probe_model_answer,"[0.2655939506790543, 0.2596047659862139, 0.2368421587850073, 0.23795912454972445]",A
6,4,19,probe_model_answer,"[0.24712199571290525, 0.25955356529808704, 0.26148176031451525, 0.23184267867449224]",C
6,4,20,probe_model_answer,"[0.24507784682078695, 0.22819606974507667, 0.26202368532115894, 0.26470239811297724]",D
6,4,21,probe_model_answer,"[0.2745847057778264, 0.23319794889426446, 0.2236929250309198, 0.2685244202969889]",A
6,4,22,probe_model_answer,"[0.2570181176044382, 0.252712828811927, 0.24555085406189314, 0.2447181995217416]",A
6,4,23,probe_model_answer,"[0.24673170093287705, 0.2520880649617789, 0.24573760724377924, 0.25544262686156494]",D
6,4,24,probe_model_answer,"[0.2645836088612472, 0.23333955755625613, 0.22331993316486276, 0.278756900417634]",D
6,4,25,probe_model_answer,"[0.24613250497580366, 0.2648614082963382, 0.2493131473224124, 0.23969293940544598]",B
6,4,26,probe_model_answer,"[0.2697773100028827, 0.2289147306912991, 0.28472571958441717, 0.21658223972140117]",C
6,4,27,probe_model_answer,"[0.2588764453365686, 0.22021048265136942, 0.30989420773213605, 0.2110188642799259]",C
6,0,0,probe_correct_answer,"[0.28432872412562127, 0.2833374217543695, 0.1936527271621026, 0.23868112695790675]",A
6,0,1,probe_correct_answer,"[0.3022841471041438, 0.25124929862372675, 0.19804684439293188, 0.24841970987919768]",A
6,0,2,probe_correct_answer,"[0.2520198971156494, 0.2263816978016159, 0.2600936699393768, 0.26150473514335787]",D
6,0,3,probe_correct_answer,"[0.2148426038683351, 0.22531706210667116, 0.26578784560789853, 0.2940524884170951]",D
6,0,4,probe_correct_answer,"[0.2463803406122269, 0.25522271543876596, 0.22488162301972486, 0.2735153209292822]",D
6,0,5,probe_correct_answer,"[0.21307006889222785, 0.24385024780246464, 0.2738510818159626, 0.26922860148934474]",C
6,0,6,probe_correct_answer,"[0.2947689725908057, 0.24161412371427413, 0.24941418655551847, 0.21420271713940178]",A
6,0,7,probe_correct_answer,"[0.26891947342874484, 0.29061814208962905, 0.2251885983798997, 0.21527378610172648]",B
6,0,8,probe_correct_answer,"[0.24592199096673162, 0.2422741886449036, 0.2745298158217596, 0.2372740045666051]",C
6,0,9,probe_correct_answer,"[0.2451149882991184, 0.28669582328172166, 0.23186058668939538, 0.23632860172976458]",B
6,0,10,probe_correct_answer,"[0.20082478896428785, 0.27828152239964743, 0.23926537293924005, 0.28162831569682456]",D
6,0,11,probe_correct_answer,"[0.24869357882992024, 0.23927430608599534, 0.2625332535384982, 0.24949886154558615]",C
6,0,12,probe_correct_answer,"[0.24215757043063407, 0.25632710581314966, 0.26441660531817834, 0.23709871843803798]",C
6,0,13,probe_correct_answer,"[0.23598039786278743, 0.2713370328096994, 0.23269667248062206, 0.2599858968468912]",B
6,0,14,probe_correct_answer,"[0.2807232068040538, 0.2541740328557488, 0.2046816226312709, 0.26042113770892655]",A
6,0,15,probe_correct_answer,"[0.23021773130897377, 0.2518459860050824, 0.22695615737490618, 0.2909801253110375]",D
6,0,16,probe_correct_answer,"[0.2842778485746874, 0.23565221186299015, 0.23600828797683107, 0.24406165158549134]",A
6,0,17,probe_correct_answer,"[0.28359053054781974, 0.20648286735544033, 0.2655390247957166, 0.24438757730102334]",A
6,0,18,probe_correct_answer,"[0.21894859253351157, 0.26593278925213953, 0.28612883163059666, 0.22898978658375224]",C
6,0,19,probe_correct_answer,"[0.21254094221610978, 0.23956751621129838, 0.28925894969806715, 0.2586325918745248]",C
6,0,20,probe_correct_answer,"[0.22499786547230413, 0.28087896884096947, 0.2553416914780345, 0.2387814742086918]",B
6,0,21,probe_correct_answer,"[0.26216020286541497, 0.21577046875991382, 0.25225042962861705, 0.2698188987460542]",D
6,0,22,probe_correct_answer,"[0.25363323230195756, 0.2490377853765524, 0.22435148702426927, 0.27297749529722065]",D
6,0,23,probe_correct_answer,"[0.2645389866512418, 0.20435232179287202, 0.2749847568867743, 0.25612393466911176]",C
6,0,24,probe_correct_answer,"[0.28146033309507373, 0.27077115916764155, 0.26207533767557784, 0.18569317006170677]",A
6,0,25,probe_correct_answer,"[0.23271500762835817, 0.20956104063544514, 0.26141828289656205, 0.29630566883963466]",D
6,0,26,probe_correct_answer,"[0.20708944625991998, 0.26532625877411814, 0.25710642940369194, 0.2704778655622699]",D
6,0,27,probe_correct_answer,"[0.23568430369125887, 0.2805546348585157, 0.24895767480734624, 0.23480338664287922]",B
6,1,0,probe_correct_answer,"[0.25641927611241294, 0.2557471221134827, 0.2687713304836187, 0.21906227129048567]",C
6,1,1,probe_correct_answer,"[0.23913051671575383, 0.2800539984786093, 0.2542691237717644, 0.22654636103387246]",B
6,1,2,probe_correct_answer,"[0.22375041265609233, 0.2789102952969196, 0.2660966499505688, 0.23124264209641943]",B
6,1,3,probe_correct_answer,"[0.27260495769060705, 0.21939225605221926, 0.22797772164814506, 0.2800250646090286]",D
6,1,4,probe_correct_answer,"[0.26914127514595404, 0.2281045706730056, 0.2599329215479146, 0.24282123263312574]",A
6,1,5,probe_correct_answer,"[0.26011928287516733, 0.22788216486055332, 0.25440172292369245, 0.2575968293405869]",A
6,1,6,probe_correct_answer,"[0.2648184339285398, 0.25150957565350446, 0.2427025654371528, 0.24096942498080282]",A
6,1,7,probe_correct_answer,"[0.278757329042902, 0.2621689469178017, 0.23764182231525985, 0.2214319017240364]",A
6,1,8,probe_correct_answer,"[0.2503588240995126, 0.2475645829626914, 0.26059530242548573, 0.24148129051231032]",C
6,1,9,probe_correct_answer,"[0.21798721584035669, 0.28664352934096404, 0.2613422049673958, 0.23402704985128361]",B
6,1,10,probe_correct_answer,"[0.2635812070911486, 0.27762045888934855, 0.20415491989835152, 0.2546434141211513]",B
6,1,11,probe_correct_answer,"[0.24368231734191523, 0.3012703980402129, 0.21043415344925648, 0.24461313116861544]",B
6,1,12,probe_correct_answer,"[0.2656979112724375, 0.24906128036289357, 0.21937691080450025, 0.2658638975601686]",D
6,1,13,probe_correct_answer,"[0.24867892271338143, 0.25542003180745954, 0.25855068662638026, 0.2373503588527786]",C
6,1,14,probe_correct_answer,"[0.27192596295491117, 0.24800304079414048, 0.24945600863139508, 0.23061498761955324]",A
6,1,15,probe_correct_answer,"[0.2652595926467112, 0.2399082850568389, 0.25832618734013474, 0.23650593495631533]",A
6,1,16,probe_correct_answer,"[0.256036924519209, 0.2339410582035139, 0.2432003448813904, 0.2668216723958867]",D
6,1,17,probe_correct_answer,"[0.2397632329024144, 0.23411673773234376, 0.2585975700698149, 0.26752245929542673]",D
6,1,18,probe_correct_answer,"[0.2542420402047832, 0.20649641067630725, 0.27226494571873544, 0.2669966034001741]",C
6,1,19,probe_correct_answer,"[0.24823225126610884, 0.23597962947414847, 0.2725287243924406, 0.24325939486730172]",C
6,1,20,probe_correct_answer,"[0.26008787875792905, 0.23982117366226458, 0.26229216752694734, 0.23779878005285887]",C
6,1,21,probe_correct_answer,"[0.2581878896565034, 0.2565920552141467, 0.2197644621319549, 0.2654555929973951]",D
6,1,22,probe_correct_answer,"[0.2849603271709724, 0.2477777860327244, 0.24707677504814957, 0.22018511174815367]",A
6,1,23,probe_correct_answer,"[0.2333511386713836, 0.2250080966378052, 0.25180599063221065, 0.28983477405860036]",D
6,1,24,probe_correct_answer,"[0.2598239362088883, 0.2660515915448839, 0.25536544089896934, 0.21875903134725846]",B
6,1,25,probe_correct_answer,"[0.24130873996283145, 0.22240968502083067, 0.2683099990757522, 0.2679715759405858]",C
6,1,26,probe_correct_answer,"[0.2496543323408071, 0.2137784021273779, 0.3029950068439997, 0.2335722586878153]",C
6,1,27,probe_correct_answer,"[0.24962229098513508, 0.2577613440169709, 0.22552276381501657, 0.26709360118287734]",D
6,2,0,probe_correct_answer,"[0.23441935716349113, 0.2644716059298645, 0.24504014384909484, 0.2560688930575499]",B
6,2,1,probe_correct_answer,"[0.2824188878532119, 0.23129470388675352, 0.25152839852532904, 0.2347580097347057]",A
6,2,2,probe_correct_answer,"[0.27256881503152974, 0.26454308222138095, 0.25213771012714054, 0.21075039261994846]",A
6,2,3,probe_correct_answer,"[0.24468054825799274, 0.2314161946361102, 0.24947157135510356, 0.27443168575079385]",D
6,2,4,probe_correct_answer,"[0.23870628901609095, 0.23078921641103298, 0.24733695749631918, 0.28316753707655695]",D
6,2,5,probe_correct_answer,"[0.2401489625015463, 0.24859106745029758, 0.25877689153515826, 0.25248307851299806]",C
6,2,6,probe_correct_answer,"[0.2539648785052165, 0.2767624955750886, 0.23689303346766505, 0.23237959245202988]",B
6,2,7,probe_correct_answer,"[0.2646795775226181, 0.2343582328658447, 0.24481461503935897, 0.2561475745721783]",A
6,2,8,probe_correct_answer,"[0.25723140128135696, 0.22204231348357023, 0.23320685655978646, 0.2875194286752865]",D
6,2,9,probe_correct_answer,"[0.29394176049802667, 0.24512988091561053, 0.21740526838706123, 0.24352309019930155]",A
6,2,10,probe_correct_answer,"[0.23680196477000667, 0.21749541117136406, 0.2680716034460095, 0.27763102061261946]",D
6,2,11,probe_correct_answer,"[0.26044895176353094, 0.23299612503163045, 0.24373417062597283, 0.2628207525788657]",D
6,2,12,probe_correct_answer,"[0.25202571021141346, 0.2527078428903514, 0.23465018687870348, 0.2606162600195317]",D
6,2,13,probe_correct_answer,"[0.2898626124472669, 0.22681915621464427, 0.22551288902035066, 0.2578053423177379]",A
6,2,14,probe_correct_answer,"[0.24672824242448277, 0.2561678785280385, 0.2314316139594526, 0.26567226508802616]",D
6,2,15,probe_correct_answer,"[0.24867052201638415, 0.24905133442947067, 0.24480106535364626, 0.25747707820049914]",D
6,2,16,probe_correct_answer,"[0.23789833313989572, 0.2565528573542748, 0.25621553280715004, 0.24933327669867925]",B
6,2,17,probe_correct_answer,"[0.2558725938768962, 0.2667732870339968, 0.24811956246649183, 0.2292345566226151]",B
6,2,18,probe_correct_answer,"[0.23830133128499165, 0.2414696160761581, 0.2490662643458368, 0.27116278829301343]",D
6,2,19,probe_correct_answer,"[0.2521735851782349, 0.26926300716435014, 0.23259196419567757, 0.24597144346173702]",B
6,2,20,probe_correct_answer,"[0.2630356383289612, 0.24667485616924936, 0.2478000226664358, 0.24248948283535363]",A
6,2,21,probe_correct_answer,"[0.23653713496794165, 0.24868801245611416, 0.24130962336894965, 0.27346522920699434]",D
6,2,22,probe_correct_answer,"[0.272162416272181, 0.25057111036811214, 0.21282793005638553, 0.2644385433033214]",A
6,2,23,probe_correct_answer,"[0.26687917614379253, 0.25121037394890405, 0.2365892680686186, 0.24532118183868476]",A
6,2,24,probe_correct_answer,"[0.2608821675972784, 0.23637754182783263, 0.26951848699790976, 0.233221803576979]",C
6,2,25,probe_correct_answer,"[0.2486393382252235, 0.2553793557237395, 0.2563968836634451, 0.23958442238759164]",C
6,2,26,probe_correct_answer,"[0.25877550628445567, 0.23862425158294734, 0.24341134000268208, 0.25918890212991474]",D
6,2,27,probe_correct_answer,"[0.21723474223398045, 0.25660193978522416, 0.26744235106469677, 0.2587209669160985]",C
6,3,0,probe_correct_answer,"[0.23629447570219092, 0.2980329301632276, 0.21467628496546926, 0.2509963091691123]",B
6,3,1,probe_correct_answer,"[0.2549477769590632, 0.218675105744795, 0.2505736953084518, 0.2758034219876899]",D
6,3,2,probe_correct_answer,"[0.21886203981968425, 0.2446485516303817, 0.2936790015320118, 0.24281040701792242]",C
6,3,3,probe_correct_answer,"[0.24589204502705908, 0.23478046865827337, 0.26661833734736723, 0.25270914896730057]",C
6,3,4,probe_correct_answer,"[0.22443740064817413, 0.25368109546273465, 0.23103874320696102, 0.2908427606821302]",D
6,3,5,probe_correct_answer,"[0.23280627510849616, 0.3000582001289668, 0.2284556807389009, 0.23867984402363607]",B
6,3,6,probe_correct_answer,"[0.253717985209243, 0.22012519388608148, 0.26996941497631805, 0.2561874059283576]",C
6,3,7,probe_correct_answer,"[0.23690283782045088, 0.2567129671875931, 0.24384179528403466, 0.2625423997079213]",D
6,3,8,probe_correct_answer,"[0.2209584569301782, 0.24908040717605365, 0.26364088956942183, 0.26632024632434637]",D
6,3,9,probe_correct_answer,"[0.2720147778899387, 0.23148477229598136, 0.2605661854342213, 0.23593426437985868]",A
6,3,10,probe_correct_answer,"[0.25028553234742534, 0.24551595784999966, 0.2407544440838585, 0.26344406571871665]",D
6,3,11,probe_correct_answer,"[0.2514027644832832, 0.23400671561800945, 0.26276006215167474, 0.25183045774703255]",C
6,3,12,probe_correct_answer,"[0.27059282338356316, 0.2060936635018237, 0.2457250083499591, 0.2775885047646538]",D
6,3,13,probe_correct_answer,"[0.2439693048768918, 0.23919267854812487, 0.2596359352076866, 0.25720208136729644]",C
6,3,14,probe_correct_answer,"[0.25686810392889325, 0.2533879400645965, 0.2228744136239706, 0.2668695423825397]",D
6,3,15,probe_correct_answer,"[0.2471619774603005, 0.24974265256733338, 0.2572010074216893, 0.24589436255067681]",C
6,3,16,probe_correct_answer,"[0.2759590301602984, 0.2196013191820488, 0.24225049401491544, 0.2621891566427371]",A
6,3,17,probe_correct_answer,"[0.23441623340076256, 0.2502601853305779, 0.3012795507320962, 0.21404403053656335]",C
6,3,18,probe_correct_answer,"[0.22877536897347645, 0.24578722349983667, 0.23545822703549318, 0.28997918049119364]",D
6,3,19,probe_correct_answer,"[0.2506441761962586, 0.225880396435223, 0.243132791595797, 0.2803426357727214]",D
6,3,20,probe_correct_answer,"[0.2319501111006912, 0.2604137208945881, 0.2603178795932312, 0.24731828841148967]",B
6,3,21,probe_correct_answer,"[0.2068021542379378, 0.2777560142745801, 0.2708197073551484, 0.2446221241323336]",B
6,3,22,probe_correct_answer,"[0.2352785265207968, 0.25945919088208447, 0.2967413780204446, 0.20852090457667427]",C
6,3,23,probe_correct_answer,"[0.21960457231875666, 0.2196348139415311, 0.2998849841865012, 0.26087562955321103]",C
6,3,24,probe_correct_answer,"[0.2405967035106732, 0.2615960287825248, 0.2554941035813771, 0.24231316412542517]",B
6,3,25,probe_correct_answer,"[0.23060611379840587, 0.2492326470554614, 0.26901876770986344, 0.2511424714362693]",C
6,3,26,probe_correct_answer,"[0.25382029895621705, 0.233142168088836, 0.3015318680265045, 0.2115056649284425]",C
6,3,27,probe_correct_answer,"[0.25772857773702523, 0.2535634399887292, 0.2496366003789967, 0.2390713818952489]",A
6,4,0,probe_correct_answer,"[0.2361759152781709, 0.23843068544569757, 0.26850999285012833, 0.25688340642600316]",C
6,4,1,probe_correct_answer,"[0.2697097984304252, 0.24793569903619506, 0.27455577222305083, 0.20779873031032878]",C
6,4,2,probe_correct_answer,"[0.2215044896842497, 0.2663988270715654, 0.28802948096865777, 0.22406720227552698]",C
6,4,3,probe_correct_answer,"[0.2518964728032891, 0.2344269452013964, 0.22205340430105272, 0.2916231776942615]",D
6,4,4,probe_correct_answer,"[0.26653998997290157, 0.2504047421990516, 0.2500764521978357, 0.23297881563021144]",A
6,4,5,probe_correct_answer,"[0.2536177629985315, 0.2418608847668696, 0.24838552002264672, 0.25613583221195213]",D
6,4,6,probe_correct_answer,"[0.25261620691228037, 0.25231119249559797, 0.27689154673023236, 0.21818105386188932]",C
6,4,7,probe_correct_answer,"[0.22243137152112005, 0.24558098589492566, 0.30158406724232406, 0.23040357534163033]",C
6,4,8,probe_correct_answer,"[0.22709428779506344, 0.25473517569336473, 0.2590569778233705, 0.25911355868820135]",D
6,4,9,probe_correct_answer,"[0.2545112718873601, 0.2590818577004523, 0.2645029906815049, 0.2219038797306827]",C
6,4,10,probe_correct_answer,"[0.28337454429921666, 0.25849039789268496, 0.22578454407495266, 0.23235051373314575]",A
6,4,11,probe_correct_answer,"[0.2485612480952223, 0.22946043306804734, 0.2687165264814529, 0.25326179235527757]",C
6,4,12,probe_correct_answer,"[0.29458031688422376, 0.2142607867482704, 0.2578377683331033, 0.2333211280344027]",A
6,4,13,probe_correct_answer,"[0.26665309803809883, 0.25964714597895344, 0.22267081289461282, 0.25102894308833484]",A
6,4,14,probe_correct_answer,"[0.2676147297316884, 0.2698971920637524, 0.23801049882031086, 0.2244775793842486]",B
6,4,15,probe_correct_answer,"[0.2620642103277443, 0.2267229893868355, 0.28100007692302387, 0.23021272336239654]",C
6,4,16,probe_correct_answer,"[0.2810185688255788, 0.2458923883167543, 0.2116377001512197, 0.26145134270644727]",A
6,4,17,probe_correct_answer,"[0.2727926326639084, 0.23958068565671542, 0.24286202739335905, 0.24476465428601732]",A
6,4,18,probe_correct_answer,"[0.2348681604165176, 0.2641571725747695, 0.26296024676217744, 0.23801442024653546]",B
6,4,19,probe_correct_answer,"[0.23770839510494343, 0.2618937805918713, 0.2123258565625204, 0.288071967740665]",D
6,4,20,probe_correct_answer,"[0.24314181017091221, 0.23639969310689357, 0.25034866795042515, 0.2701098287717688]",D
6,4,21,probe_correct_answer,"[0.24977358136052757, 0.2527260130012723, 0.23382160007352457, 0.2636788055646758]",D
6,4,22,probe_correct_answer,"[0.24072447683070158, 0.25640012497416864, 0.2528967868906706, 0.24997861130445934]",B
6,4,23,probe_correct_answer,"[0.23202539288037413, 0.2693026781927102, 0.2645151122710581, 0.2341568166558575]",B
6,4,24,probe_correct_answer,"[0.2715126360721386, 0.2456950794729227, 0.2427433813635601, 0.2400489030913785]",A
6,4,25,probe_correct_answer,"[0.27425184198276015, 0.23314974497083182, 0.2692514648567295, 0.2233469481896783]",A
6,4,26,probe_correct_answer,"[0.25004495834505136, 0.26114376431274416, 0.2329697984791045, 0.2558414788630998]",B
6,4,27,probe_correct_answer,"[0.23826435685635305, 0.25012788438890043, 0.25291751459012224, 0.2586902441646242]",D
6,0,0,observer_model_answer_correct,"[0.5203030505841786, 0.47969694941582147]",0
6,0,1,observer_model_answer_correct,"[0.5029853074947307, 0.49701469250526925]",0
6,0,2,observer_model_answer_correct,"[0.47979340230697515, 0.5202065976930249]",1
6,0,3,observer_model_answer_correct,"[0.5251758889364104, 0.4748241110635897]",0
6,0,4,observer_model_answer_correct,"[0.5307090076166701, 0.46929099238333]",0
6,0,5,observer_model_answer_correct,"[0.4577999749387566, 0.5422000250612434]",1
6,0,6,observer_model_answer_correct,"[0.4903965036834289, 0.5096034963165711]",1
6,0,7,observer_model_answer_correct,"[0.4928634557110647, 0.5071365442889353]",1
6,0,8,observer_model_answer_correct,"[0.5465713763972494, 0.45342862360275055]",0
6,0,9,observer_model_answer_correct,"[0.5247646953128153, 0.47523530468718483]",0
6,0,10,observer_model_answer_correct,"[0.5231940546359916, 0.4768059453640085]",0
6,0,11,observer_model_answer_correct,"[0.5566005486369352, 0.4433994513630649]",0
6,0,12,observer_model_answer_correct,"[0.45501446525433503, 0.5449855347456649]",1
6,0,13,observer_model_answer_correct,"[0.5061191519526838, 0.49388084804731625]",0
6,0,14,observer_model_answer_correct,"[0.5655835758677322, 0.43441642413226794]",0
6,0,15,observer_model_answer_correct,"[0.43847733325696375, 0.5615226667430362]",1
6,0,16,observer_model_answer_correct,"[0.5012774143013845, 0.4987225856986154]",0
6,0,17,observer_model_answer_correct,"[0.5075092754859452, 0.49249072451405473]",0
6,0,18,observer_model_answer_correct,"[0.4470999407240589, 0.552900059275941]",1
6,0,19,observer_model_answer_correct,"[0.534317287403037, 0.4656827125969631]",0
6,0,20,observer_model_answer_correct,"[0.48165300782486026, 0.5183469921751398]",1
6,0,21,observer_model_answer_correct,"[0.48928733840424643, 0.5107126615957535]",1
6,0,22,observer_model_answer_correct,"[0.48677933704503695, 0.513220662954963]",1
6,0,23,observer_model_answer_correct,"[0.4955167334977402, 0.5044832665022598]",1
6,0,24,observer_model_answer_correct,"[0.47995565269373547, 0.5200443473062646]",1
6,0,25,observer_model_answer_correct,"[0.5606145605516031, 0.43938543944839686]",0
6,0,26,observer_model_answer_correct,"[0.46985121294054993, 0.53014878705945]",1
6,0,27,observer_model_answer_correct,"[0.5782542822340008, 0.42174571776599906]",0
6,1,0,observer_model_answer_correct,"[0.5090799008857515, 0.49092009911424844]",0
6,1,1,observer_model_answer_correct,"[0.4799437770702275, 0.5200562229297725]",1
6,1,2,observer_model_answer_correct,"[0.48688543831311887, 0.5131145616868811]",1
6,1,3,observer_model_answer_correct,"[0.47665664858772167, 0.5233433514122783]",1
6,1,4,observer_model_answer_correct,"[0.5068623536574133, 0.49313764634258683]",0
6,1,5,observer_model_answer_correct,"[0.4792154502463665, 0.5207845497536335]",1
6,1,6,observer_model_answer_correct,"[0.47364538794674915, 0.5263546120532508]",1
6,1,7,observer_model_answer_correct,"[0.5111351740069437, 0.48886482599305603]",0
6,1,8,observer_model_answer_correct,"[0.5431180152649551, 0.45688198473504504]",0
6,1,9,observer_model_answer_correct,"[0.46745556751046224, 0.5325444324895376]",1
6,1,10,observer_model_answer_correct,"[0.5390044740348338, 0.460995525965166]",0
6,1,11,observer_model_answer_correct,"[0.4811785503955597, 0.5188214496044404]",1
6,1,12,observer_model_answer_correct,"[0.4998302917956822, 0.5001697082043178]",1
6,1,13,observer_model_answer_correct,"[0.4535584187055885, 0.5464415812944117]",1
6,1,14,observer_model_answer_correct,"[0.46959803453062515, 0.5304019654693748]",1
6,1,15,observer_model_answer_correct,"[0.4473557196442384, 0.5526442803557616]",1
6,1,16,observer_model_answer_correct,"[0.4604129799870632, 0.5395870200129365]",1
6,1,17,observer_model_answer_correct,"[0.4857480715936457, 0.5142519284063544]",1
6,1,18,observer_model_answer_correct,"[0.5059491016005468, 0.49405089839945326]",0
6,1,19,observer_model_answer_correct,"[0.5327737382673985, 0.4672262617326014]",0
6,1,20,observer_model_answer_correct,"[0.42694355254756333, 0.5730564474524366]",1
6,1,21,observer_model_answer_correct,"[0.46178032943313374, 0.5382196705668661]",1
6,1,22,observer_model_answer_correct,"[0.5246268223828633, 0.47537317761713677]",0
6,1,23,observer_model_answer_correct,"[0.4830660245854496, 0.5169339754145504]",1
6,1,24,observer_model_answer_correct,"[0.5434718097963965, 0.4565281902036035]",0
6,1,25,observer_model_answer_correct,"[0.5041426964133968, 0.49585730358660307]",0
6,1,26,observer_model_answer_correct,"[0.5274184922123187, 0.4725815077876812]",0
6,1,27,observer_model_answer_correct,"[0.5060854198555839, 0.4939145801444161]",0
6,2,0,observer_model_answer_correct,"[0.5070393802778096, 0.4929606197221905]",0
6,2,1,observer_model_answer_correct,"[0.444830591910184, 0.555169408089816]",1
6,2,2,observer_model_answer_correct,"[0.47373088541836755, 0.5262691145816324]",1
6,2,3,observer_model_answer_correct,"[0.5179554902951904, 0.4820445097048098]",0
6,2,4,observer_model_answer_correct,"[0.4831128952857102, 0.5168871047142896]",1
6,2,5,observer_model_answer_correct,"[0.4892385829695366, 0.5107614170304633]",1
6,2,6,observer_model_answer_correct,"[0.473188809361075, 0.526811190638925]",1
6,2,7,observer_model_answer_correct,"[0.5220577512040002, 0.4779422487959996]",0
6,2,8,observer_model_answer_correct,"[0.485713141464429, 0.5142868585355709]",1
6,2,9,observer_model_answer_correct,"[0.49322374925886636, 0.5067762507411336]",1
6,2,10,observer_model_answer_correct,"[0.5014513845911857, 0.49854861540881446]",0
6,2,11,observer_model_answer_correct,"[0.5055691009912584, 0.49443089900874154]",0
6,2,12,observer_model_answer_correct,"[0.5055847856285238, 0.4944152143714761]",0
6,2,13,observer_model_answer_correct,"[0.4801828378190868, 0.5198171621809133]",1
6,2,14,observer_model_answer_correct,"[0.5129165487939332, 0.48708345120606683]",0
6,2,15,observer_model_answer_correct,"[0.5014515125506751, 0.49854848744932495]",0
6,2,16,observer_model_answer_correct,"[0.47210802300934385, 0.5278919769906564]",1
6,2,17,observer_model_answer_correct,"[0.48388436402579227, 0.5161156359742077]",1
6,2,18,observer_model_answer_correct,"[0.5049055572513822, 0.49509444274861775]",0
6,2,19,observer_model_answer_correct,"[0.523100545260327, 0.4768994547396728]",0
6,2,20,observer_model_answer_correct,"[0.4862812159261455, 0.5137187840738546]",1
6,2,21,observer_model_answer_correct,"[0.4860687385221923, 0.5139312614778078]",1
6,2,22,observer_model_answer_correct,"[0.49346456444251346, 0.5065354355574866]",1
6,2,23,observer_model_answer_correct,"[0.5057114935205508, 0.49428850647944955]",0
6,2,24,observer_model_answer_correct,"[0.4966927505255888, 0.5033072494744112]",1
6,2,25,observer_model_answer_correct,"[0.4923555782377264, 0.5076444217622736]",1
6,2,26,observer_model_answer_correct,"[0.4917908148737899, 0.50820918512621]",1
6,2,27,observer_model_answer_correct,"[0.500214296326462, 0.49978570367353803]",0
6,3,0,observer_model_answer_correct,"[0.4655991425014778, 0.5344008574985222]",1
6,3,1,observer_model_answer_correct,"[0.5268557620521163, 0.4731442379478838]",0
6,3,2,observer_model_answer_correct,"[0.45354551892357287, 0.5464544810764272]",1
6,3,3,observer_model_answer_correct,"[0.47068390338330046, 0.5293160966166993]",1
6,3,4,observer_model_answer_correct,"[0.5034275122360514, 0.4965724877639485]",0
6,3,5,observer_model_answer_correct,"[0.5043454216563018, 0.4956545783436981]",0
6,3,6,observer_model_answer_correct,"[0.5190597389792369, 0.4809402610207633]",0
6,3,7,observer_model_answer_correct,"[0.4724161346998756, 0.5275838653001244]",1
6,3,8,observer_model_answer_correct,"[0.4965419233867798, 0.5034580766132201]",1
6,3,9,observer_model_answer_correct,"[0.5034432292896606, 0.49655677071033943]",0
6,3,10,observer_model_answer_correct,"[0.4863963797813677, 0.5136036202186323]",1
6,3,11,observer_model_answer_correct,"[0.510114968526319, 0.489885031473681]",0
6,3,12,observer_model_answer_correct,"[0.5573130238310317, 0.44268697616896846]",0
6,3,13,observer_model_answer_correct,"[0.5191464563368267, 0.4808535436631734]",0
6,3,14,observer_model_answer_correct,"[0.5153249358359744, 0.48467506416402567]",0
6,3,15,observer_model_answer_correct,"[0.5090904383343476, 0.4909095616656524]",0
6,3,16,observer_model_answer_correct,"[0.4679587683618072, 0.5320412316381927]",1
6,3,17,observer_model_answer_correct,"[0.48813266545973577, 0.5118673345402642]",1
6,3,18,observer_model_answer_correct,"[0.5562647979941608, 0.4437352020058392]",0
6,3,19,observer_model_answer_correct,"[0.49780375666775895, 0.502196243332241]",1
6,3,20,observer_model_answer_correct,"[0.5109178287207644, 0.4890821712792358]",0
6,3,21,observer_model_answer_correct,"[0.4776082221413299, 0.5223917778586697]",1
6,3,22,observer_model_answer_correct,"[0.4969774239627689, 0.5030225760372311]",1
6,3,23,observer_model_answer_correct,"[0.4847493926602478, 0.5152506073397521]",1
6,3,24,observer_model_answer_correct,"[0.538574490077454, 0.4614255099225459]",0
6,3,25,observer_model_answer_correct,"[0.46046065600360997, 0.5395393439963903]",1
6,3,26,observer_model_answer_correct,"[0.49820535069026267, 0.5017946493097374]",1
6,3,27,observer_model_answer_correct,"[0.5459528528050426, 0.45404714719495753]",0
6,4,0,observer_model_answer_correct,"[0.49440798300014877, 0.5055920169998511]",1
6,4,1,observer_model_answer_correct,"[0.4790717849203428, 0.5209282150796573]",1
6,4,2,observer_model_answer_correct,"[0.5404508357909931, 0.45954916420900677]",0
6,4,3,observer_model_answer_correct,"[0.49396353255266634, 0.5060364674473338]",1
6,4,4,observer_model_answer_correct,"[0.49927092733253736, 0.5007290726674627]",1
6,4,5,observer_model_answer_correct,"[0.5117205384657629, 0.4882794615342372]",0
6,4,6,observer_model_answer_correct,"[0.5121666624237259, 0.4878333375762741]",0
6,4,7,observer_model_answer_correct,"[0.5061631230710033, 0.49383687692899664]",0
6,4,8,observer_model_answer_correct,"[0.5395219634533778, 0.46047803654662217]",0
6,4,9,observer_model_answer_correct,"[0.4967557268898907, 0.5032442731101093]",1
6,4,10,observer_model_answer_correct,"[0.49901813325437144, 0.5009818667456286]",1
6,4,11,observer_model_answer_correct,"[0.5149614562028814, 0.4850385437971188]",0
6,4,12,observer_model_answer_correct,"[0.5296638589724654, 0.4703361410275346]",0
6,4,13,observer_model_answer_correct,"[0.4731804655686824, 0.5268195344313176]",1
6,4,14,observer_model_answer_correct,"[0.4790303196488271, 0.5209696803511729]",1
6,4,15,observer_model_answer_correct,"[0.44799052833512976, 0.5520094716648705]",1
6,4,16,observer_model_answer_correct,"[0.4807216362998171, 0.519278363700183]",1
6,4,17,observer_model_answer_correct,"[0.5206441286201668, 0.4793558713798331]",0
6,4,18,observer_model_answer_correct,"[0.49873539276507833, 0.5012646072349217]",1
6,4,19,observer_model_answer_correct,"[0.42877905908771174, 0.5712209409122883]",1
6,4,20,observer_model_answer_correct,"[0.4830544033646795, 0.5169455966353206]",1
6,4,21,observer_model_answer_correct,"[0.4990344983098029, 0.5009655016901972]",1
6,4,22,observer_model_answer_correct,"[0.5747489116055129, 0.42525108839448733]",0
6,4,23,observer_model_answer_correct,"[0.5149587134625101, 0.4850412865374899]",0
6,4,24,observer_model_answer_correct,"[0.5170040739442016, 0.4829959260557984]",0
6,4,25,observer_model_answer_correct,"[0.47048191244272486, 0.529518087557275]",1
6,4,26,observer_model_answer_correct,"[0.516084002880791, 0.48391599711920913]",0
6,4,27,observer_model_answer_correct,"[0.4898550972728104, 0.5101449027271896]",1
6,0,0,observer_model_answer,"[0.24758858257333813, 0.2142652340859244, 0.2815697929403786, 0.25657639040035873]",C
6,0,1,observer_model_answer,"[0.26330062412957983, 0.24040923148280507, 0.24554171709151545, 0.25074842729609964]",A
6,0,2,observer_model_answer,"[0.27312947521525516, 0.25034239955984827, 0.24442119971032775, 0.2321069255145689]",A
6,0,3,observer_model_answer,"[0.24432521102573043, 0.24637948142733873, 0.26505343934325276, 0.24424186820367783]",C
6,0,4,observer_model_answer,"[0.27377038332570003, 0.2601712018379151, 0.23727690580368438, 0.2287815090327004]",A
6,0,5,observer_model_answer,"[0.23223867865713993, 0.23788659021848077, 0.24475608544327998, 0.28511864568109935]",D
6,0,6,observer_model_answer,"[0.24719199931663116, 0.24590782614788595, 0.22803676673956824, 0.2788634077959146]",D
6,0,7,observer_model_answer,"[0.27708392000991006, 0.2141367445561908, 0.2714124656729654, 0.23736686976093382]",A
6,0,8,observer_model_answer,"[0.2409087368515899, 0.24303122764123408, 0.2729454303305688, 0.24311460517660724]",C
6,0,9,observer_model_answer,"[0.25688338849349174, 0.24427396280848165, 0.2182045869682531, 0.28063806172977357]",D
6,0,10,observer_model_answer,"[0.26661654800081874, 0.2114393304527336, 0.2710932876573322, 0.2508508338891154]",C
6,0,11,observer_model_answer,"[0.2637312270863486, 0.2618802943286483, 0.23016217917727563, 0.2442262994077275]",A
6,0,12,observer_model_answer,"[0.2770266859299052, 0.22791773369099924, 0.2604574103760748, 0.23459817000302063]",A
6,0,13,observer_model_answer,"[0.23392043945039145, 0.23253570680211172, 0.24012971621183227, 0.29341413753566475]",D
6,0,14,observer_model_answer,"[0.2599612799058339, 0.2002680372480762, 0.27046150017259885, 0.269309182673491]",C
6,0,15,observer_model_answer,"[0.27371503348418813, 0.2557210879243232, 0.2085942368510504, 0.2619696417404383]",A
6,0,16,observer_model_answer,"[0.24006518854935452, 0.21760986865545423, 0.260381716000015, 0.2819432267951763]",D
6,0,17,observer_model_answer,"[0.20266643585965008, 0.21937015477176022, 0.25039426889257677, 0.3275691404760131]",D
6,0,18,observer_model_answer,"[0.20790605552350522, 0.28280601460839844, 0.25529648829892015, 0.2539914415691763]",B
6,0,19,observer_model_answer,"[0.2632860576922045, 0.2433552542407125, 0.2342388048794267, 0.25911988318765633]",A
6,0,20,observer_model_answer,"[0.20469077637342847, 0.24463806978876984, 0.2987205609100643, 0.2519505929277374]",C
6,0,21,observer_model_answer,"[0.24865900878828562, 0.18557119945431313, 0.27420796471124376, 0.2915618270461576]",D
6,0,22,observer_model_answer,"[0.24435821168169886, 0.25803247593469336, 0.2607612163591834, 0.2368480960244243]",C
6,0,23,observer_model_answer,"[0.25532747260059624, 0.2548872374283187, 0.20707921900670145, 0.28270607096438366]",D
6,0,24,observer_model_answer,"[0.1859090756453148, 0.23246837043341026, 0.28817866361880523, 0.2934438903024698]",D
6,0,25,observer_model_answer,"[0.2782972608389187, 0.2453915783146265, 0.268594322555399, 0.20771683829105567]",A
6,0,26,observer_model_answer,"[0.23235540479811756, 0.22883325105930413, 0.27267737078476906, 0.26613397335780925]",C
6,0,27,observer_model_answer,"[0.23662084978635717, 0.23031391297105022, 0.2866645543869187, 0.24640068285567387]",C
6,1,0,observer_model_answer,"[0.22767724287469085, 0.2711370797119086, 0.25861197901230903, 0.24257369840109141]",B
6,1,1,observer_model_answer,"[0.258993717163875, 0.25926923958985404, 0.22549986810839606, 0.2562371751378749]",B
6,1,2,observer_model_answer,"[0.2578410679516168, 0.2583629266360376, 0.24026034033569338, 0.2435356650766521]",B
6,1,3,observer_model_answer,"[0.2711082181565018, 0.2664252948454462, 0.2322534114935781, 0.23021307550447417]",A
6,1,4,observer_model_answer,"[0.2237635540860849, 0.25821177920091193, 0.2640147496692417, 0.2540099170437617]",C
6,1,5,observer_model_answer,"[0.2752156026979173, 0.23509980247554807, 0.24860892902216147, 0.2410756658043732]",A
6,1,6,observer_model_answer,"[0.2903122786001992, 0.20115598112429003, 0.247731188797729, 0.2608005514777817]",A
6,1,7,observer_model_answer,"[0.2622420899704688, 0.23573432394324256, 0.2658565934428827, 0.23616699264340596]",C
6,1,8,observer_model_answer,"[0.25884853068172065, 0.24431633334269134, 0.27467147484489, 0.22216366113069785]",C
6,1,9,observer_model_answer,"[0.2553677597519888, 0.25109512097301356, 0.27351283357978734, 0.22002428569521065]",C
6,1,10,observer_model_answer,"[0.2488810251617914, 0.24818217945124346, 0.24900108416110942, 0.2539357112258558]",D
6,1,11,observer_model_answer,"[0.20812592425065674, 0.23890625492602327, 0.2724950709851012, 0.28047274983821857]",D
6,1,12,observer_model_answer,"[0.22183794168906132, 0.24576009519438924, 0.2670639250658414, 0.26533803805070805]",C
6,1,13,observer_model_answer,"[0.257306447537758, 0.23841711879888097, 0.2530483912071646, 0.2512280424561965]",A
6,1,14,observer_model_answer,"[0.24770445268781563, 0.26263549413313675, 0.25324010829011373, 0.23641994488893395]",B
6,1,15,observer_model_answer,"[0.24284428107467132, 0.27720863018087466, 0.22104237825404027, 0.2589047104904137]",B
6,1,16,observer_model_answer,"[0.23412646901391962, 0.24945761131422858, 0.27070064811857136, 0.24571527155328038]",C
6,1,17,observer_model_answer,"[0.25282506257523274, 0.2584456848023612, 0.25457822535762126, 0.23415102726478487]",B
6,1,18,observer_model_answer,"[0.24251796281499588, 0.2373175898070829, 0.28773968206442185, 0.2324247653134993]",C
6,1,19,observer_model_answer,"[0.23182665489675375, 0.28560513284619105, 0.2588122491227582, 0.22375596313429705]",B
6,1,20,observer_model_answer,"[0.24639137341732079, 0.2404191132425897, 0.2706206658060045, 0.24256884753408486]",C
6,1,21,observer_model_answer,"[0.25363544048516895, 0.24164025367467604, 0.24651490681122143, 0.2582093990289334]",D
6,1,22,observer_model_answer,"[0.23499022223870025, 0.24979024106462078, 0.2664188809642157, 0.24880065573246324]",C
6,1,23,observer_model_answer,"[0.2620330788745099, 0.23705697974077794, 0.2859415288016958, 0.21496841258301647]",C
6,1,24,observer_model_answer,"[0.24499322863067136, 0.2140544408319186, 0.27649220716512163, 0.2644601233722884]",C
6,1,25,observer_model_answer,"[0.219270796785878, 0.2723450037708655, 0.2551342635771741, 0.2532499358660823]",B
6,1,26,observer_model_answer,"[0.2675295861051547, 0.215657765585426, 0.2525981952417819, 0.2642144530676372]",A
6,1,27,observer_model_answer,"[0.2606752095318048, 0.23546371413555003, 0.26056603105106685, 0.24329504528157847]",A
6,2,0,observer_model_answer,"[0.24528478095545683, 0.2532320736331571, 0.23928560203486568, 0.2621975433765202]",D
6,2,1,observer_model_answer,"[0.28288882360933354, 0.24580911933347221, 0.22326293675763756, 0.24803912029955671]",A
6,2,2,observer_model_answer,"[0.22366181191588208, 0.26115714083352665, 0.2451706998345116, 0.27001034741607954]",D
6,2,3,observer_model_answer,"[0.2628125608260994, 0.24988643500766045, 0.2600369024699178, 0.22726410169632227]",A
6,2,4,observer_model_answer,"[0.2407470838290327, 0.24989430637508014, 0.26160739323352855, 0.24775121656235843]",C
6,2,5,observer_model_answer,"[0.27643940959055585, 0.22220115958530812, 0.2460767665609324, 0.2552826642632034]",A
6,2,6,observer_model_answer,"[0.24943157594425386, 0.21999557231674302, 0.26681840535351514, 0.26375444638548795]",C
6,2,7,observer_model_answer,"[0.23992014425229577, 0.25292100729760086, 0.2593125062824954, 0.24784634216760815]",C
6,2,8,observer_model_answer,"[0.24963171138831172, 0.2628062003123437, 0.2453190330159711, 0.2422430552833735]",B
6,2,9,observer_model_answer,"[0.24770073343843027, 0.2636848730373341, 0.24587019692055376, 0.24274419660368185]",B
6,2,10,observer_model_answer,"[0.2543421743875993, 0.2528253874380961, 0.24567156720326172, 0.2471608709710428]",A
6,2,11,observer_model_answer,"[0.2667564461487999, 0.24721497225189107, 0.23716912334688542, 0.2488594582524232]",A
6,2,12,observer_model_answer,"[0.22834431472274958, 0.26091529629503485, 0.24158885882753223, 0.2691515301546833]",D
6,2,13,observer_model_answer,"[0.23843578762860904, 0.2611608258137202, 0.2470448152274357, 0.2533585713302351]",B
6,2,14,observer_model_answer,"[0.23389143139638785, 0.26360964770533885, 0.23948666493969087, 0.2630122559585826]",B
6,2,15,observer_model_answer,"[0.24227834215757718, 0.26338156746141506, 0.23156286500842255, 0.26277722537258513]",B
6,2,16,observer_model_answer,"[0.24908022997885407, 0.2563127514188572, 0.2451690033436204, 0.24943801525866838]",B
6,2,17,observer_model_answer,"[0.2302912996332094, 0.26082065368954094, 0.24164788564894452, 0.26724016102830506]",D
6,2,18,observer_model_answer,"[0.2333352219605454, 0.24288467465292038, 0.268904150231358, 0.25487595315517636]",C
6,2,19,observer_model_answer,"[0.26324973777618027, 0.2661007865908548, 0.2313332383039188, 0.23931623732904653]",B
6,2,20,observer_model_answer,"[0.28450293131208176, 0.2270572549939776, 0.25096967420960964, 0.2374701394843311]",A
6,2,21,observer_model_answer,"[0.23897693374968526, 0.25423883569366945, 0.24763706644283792, 0.2591471641138075]",D
6,2,22,observer_model_answer,"[0.25694555810885905, 0.26097167091875234, 0.22635291934473786, 0.25572985162765055]",B
6,2,23,observer_model_answer,"[0.2586000712663596, 0.2510617663888653, 0.24524811875917135, 0.24509004358560385]",A
6,2,24,observer_model_answer,"[0.25283901531158864, 0.2480562265036866, 0.2514306835885165, 0.2476740745962081]",A
6,2,25,observer_model_answer,"[0.24221534942534023, 0.27046818082777907, 0.24246766875448952, 0.24484880099239117]",B
6,2,26,observer_model_answer,"[0.2638161919130466, 0.24351326019297156, 0.22818985334074246, 0.26448069455323936]",D
6,2,27,observer_model_answer,"[0.2631238807839763, 0.24243406923039607, 0.26936145322669947, 0.2250805967589283]",C
6,3,0,observer_model_answer,"[0.23882730244697942, 0.2060831322891587, 0.2812042903862805, 0.2738852748775815]",C
6,3,1,observer_model_answer,"[0.26679548285270505, 0.258496074087437, 0.23743157671938395, 0.23727686634047396]",A
6,3,2,observer_model_answer,"[0.215691883987511, 0.273885464310476, 0.25446039840769424, 0.25596225329431876]",B
6,3,3,observer_model_answer,"[0.25634048866553705, 0.21111350928928316, 0.265514804947562, 0.267031197097618]",D
6,3,4,observer_model_answer,"[0.26420362853445656, 0.18503667800125867, 0.2821110590991499, 0.2686486343651347]",C
6,3,5,observer_model_answer,"[0.24724176610500728, 0.28187967943488246, 0.23467387938648987, 0.23620467507362045]",B
6,3,6,observer_model_answer,"[0.2647838880048438, 0.2521866273896592, 0.24165803230059474, 0.2413714523049022]",A
6,3,7,observer_model_answer,"[0.2781056907807954, 0.2737932491882965, 0.20925340309104912, 0.23884765693985893]",A
6,3,8,observer_model_answer,"[0.3129892929832403, 0.20062574868473862, 0.26452737020495243, 0.2218575881270686]",A
6,3,9,observer_model_answer,"[0.24722018360421905, 0.24862680664336193, 0.25068496623611036, 0.2534680435163087]",D
6,3,10,observer_model_answer,"[0.27967918766770183, 0.21529501792457803, 0.2794043217976718, 0.22562147261004836]",A
6,3,11,observer_model_answer,"[0.22645732811914554, 0.27699315458393153, 0.247370321620862, 0.24917919567606103]",B
6,3,12,observer_model_answer,"[0.2508164684378676, 0.2207412702231531, 0.25322298341610233, 0.275219277922877]",D
6,3,13,observer_model_answer,"[0.24143416646132002, 0.25720262038315106, 0.2535788386955391, 0.2477843744599898]",B
6,3,14,observer_model_answer,"[0.2553371764646473, 0.24935055457813493, 0.22599119395626752, 0.2693210750009504]",D
6,3,15,observer_model_answer,"[0.24253328314346, 0.3087144904697389, 0.23386692528341907, 0.21488530110338222]",B
6,3,16,observer_model_answer,"[0.21472027664214016, 0.26047914016914786, 0.25487835747224186, 0.2699222257164703]",D
6,3,17,observer_model_answer,"[0.2764102853600298, 0.2803337161215816, 0.20340868542101034, 0.23984731309737808]",B
6,3,18,observer_model_answer,"[0.27172871379916075, 0.24908846547681793, 0.26092753815310693, 0.2182552825709145]",A
6,3,19,observer_model_answer,"[0.2185963279424159, 0.2664956590405384, 0.2186007661855049, 0.29630724683154064]",D
6,3,20,observer_model_answer,"[0.23225588894154695, 0.25219299849661164, 0.2537940965669436, 0.261757015994898]",D
6,3,21,observer_model_answer,"[0.25247609347815003, 0.2445658923023696, 0.24395424460573922, 0.2590037696137412]",D
6,3,22,observer_model_answer,"[0.22962496628713255, 0.24091744146150956, 0.2972371923006484, 0.23222039995070937]",C
6,3,23,observer_model_answer,"[0.24920775160367267, 0.21922845363036722, 0.2640554134213551, 0.2675083813446049]",D
6,3,24,observer_model_answer,"[0.23462598152576986, 0.28516318237054267, 0.2430923331675444, 0.23711850293614284]",B
6,3,25,observer_model_answer,"[0.2551655796549913, 0.25653862858318954, 0.2400765685151464, 0.24821922324667278]",B
6,3,26,observer_model_answer,"[0.21980901325757224, 0.2307843546562455, 0.29959955566740004, 0.24980707641878214]",C
6,3,27,observer_model_answer,"[0.2568497356106878, 0.23324526284740454, 0.24783544791611933, 0.2620695536257884]",D
6,4,0,observer_model_answer,"[0.22538612128385407, 0.2769356374872454, 0.2265902995706864, 0.27108794165821415]",B
6,4,1,observer_model_answer,"[0.24561030964162614, 0.2747306043651515, 0.23966318867738803, 0.23999589731583418]",B
6,4,2,observer_model_answer,"[0.2562313688194047, 0.23724129641396588, 0.2678875678345796, 0.2386397669320497]",C
6,4,3,observer_model_answer,"[0.23151445571716933, 0.24419392811216825, 0.2600319679392533, 0.26425964823140896]",D
6,4,4,observer_model_answer,"[0.2658126798049597, 0.24255233940493406, 0.23413958841295307, 0.2574953923771533]",A
6,4,5,observer_model_answer,"[0.2372878449902894, 0.27538852358819854, 0.25730512331805255, 0.23001850810345967]",B
6,4,6,observer_model_answer,"[0.28876197784434166, 0.24641944629018125, 0.22342847043865063, 0.24139010542682654]",A
6,4,7,observer_model_answer,"[0.2494349632563358, 0.25682693134275303, 0.2575364340101871, 0.23620167139072404]",C
6,4,8,observer_model_answer,"[0.24013424783916543, 0.25184408614703335, 0.2693774716629654, 0.23864419435083564]",C
6,4,9,observer_model_answer,"[0.2618857842039042, 0.2518930839197293, 0.26290229951788097, 0.22331883235848565]",C
6,4,10,observer_model_answer,"[0.23517074842201913, 0.21546286195449296, 0.2885978249789326, 0.2607685646445553]",C
6,4,11,observer_model_answer,"[0.3032251925437987, 0.2110973933451968, 0.2357986960490648, 0.2498787180619399]",A
6,4,12,observer_model_answer,"[0.25338255633047374, 0.2332820169184425, 0.25483056289574485, 0.25850486385533894]",D
6,4,13,observer_model_answer,"[0.24110441660078705, 0.271369682091351, 0.2529903658854638, 0.23453553542239808]",B
6,4,14,observer_model_answer,"[0.22692569935262993, 0.24987106767717268, 0.25087629824039, 0.2723269347298075]",D
6,4,15,observer_model_answer,"[0.23455701799047135, 0.2518304421075832, 0.27534914759555024, 0.23826339230639515]",C
6,4,16,observer_model_answer,"[0.23497671703063222, 0.2345729566707923, 0.28765438079431477, 0.24279594550426073]",C
6,4,17,observer_model_answer,"[0.2166260249172536, 0.261508927083915, 0.23692410040519848, 0.28494094759363287]",D
6,4,18,observer_model_answer,"[0.2975525436767426, 0.21573638750633714, 0.22361642247933425, 0.2630946463375858]",A
6,4,19,observer_model_answer,"[0.26397108709210293, 0.21205234349936905, 0.2370533577090283, 0.2869232116994995]",D
6,4,20,observer_model_answer,"[0.25690941153943203, 0.24485906876556626, 0.2524735057998507, 0.24575801389515106]",A
6,4,21,observer_model_answer,"[0.23356988171090146, 0.28818951066657117, 0.23924710039268318, 0.23899350722984444]",B
6,4,22,observer_model_answer,"[0.25323997429553524, 0.2499850347957719, 0.26868711149556135, 0.22808787941313144]",C
6,4,23,observer_model_answer,"[0.2363581070547155, 0.26010220772257103, 0.2721153808374656, 0.23142430438524791]",C
6,4,24,observer_model_answer,"[0.2552588381622598, 0.2463791943778927, 0.26953896443267483, 0.22882300302717276]",C
6,4,25,observer_model_answer,"[0.24414301797376214, 0.2501133763588633, 0.24613563421956527, 0.2596079714478092]",D
6,4,26,observer_model_answer,"[0.27580131469123886, 0.24522028913008068, 0.24575588757847347, 0.23322250860020705]",A
6,4,27,observer_model_answer,"[0.21326710916023026, 0.29762142141779907, 0.23681873201229775, 0.252292737409673]",B
6,0,0,observer_correct_answer,"[0.2210329292532696, 0.24864079658094043, 0.23023113584804938, 0.30009513831774065]",D
6,0,1,observer_correct_answer,"[0.25377301830249926, 0.2502648943749906, 0.244899231630817, 0.2510628556916931]",A
6,0,2,observer_correct_answer,"[0.2567693160402765, 0.21909455682732598, 0.24039928391321289, 0.2837368432191846]",D
6,0,3,observer_correct_answer,"[0.21545849726866298, 0.1969454289732079, 0.30400110905008954, 0.2835949647080397]",C
6,0,4,observer_correct_answer,"[0.2950430439411069, 0.23152839281121998, 0.1989972662163442, 0.27443129703132885]",A
6,0,5,observer_correct_answer,"[0.250719644303173, 0.23987334761793683, 0.2682808450001838, 0.24112616307870635]",C
6,0,6,observer_correct_answer,"[0.2520442129706405, 0.27160740387497834, 0.22857443458733, 0.2477739485670513]",B
6,0,7,observer_correct_answer,"[0.24291699577074646, 0.30281210010695025, 0.20870410240305648, 0.24556680171924702]",B
6,0,8,observer_correct_answer,"[0.30324668038495156, 0.22245622007221275, 0.24390673897011053, 0.2303903605727252]",A
6,0,9,observer_correct_answer,"[0.3018169948799507, 0.22969672002974026, 0.22620577237806044, 0.24228051271224843]",A
6,0,10,observer_correct_answer,"[0.2578937124988711, 0.22501874182561019, 0.26171064206995087, 0.2553769036055679]",C
6,0,11,observer_correct_answer,"[0.2257975666990377, 0.2456033027129407, 0.26264754275277485, 0.26595158783524664]",D
6,0,12,observer_correct_answer,"[0.2240361392859342, 0.26225889172068295, 0.23876065481585482, 0.27494431417752796]",D
6,0,13,observer_correct_answer,"[0.2709634704854323, 0.2358571336939607, 0.25801962900081415, 0.23515976681979292]",A
6,0,14,observer_correct_answer,"[0.25706033614407703, 0.2971761006012077, 0.20383443060024842, 0.2419291326544668]",B
6,0,15,observer_correct_answer,"[0.23348814068844345, 0.26432161965930634, 0.28069307889239564, 0.22149716075985465]",C
6,0,16,observer_correct_answer,"[0.2561342236081247, 0.25176246420633375, 0.21334572177468472, 0.2787575904108568]",D
6,0,17,observer_correct_answer,"[0.24842575920712578, 0.26396495491977706, 0.275385360127371, 0.2122239257457262]",C
6,0,18,observer_correct_answer,"[0.30046199533482404, 0.23765945305014768, 0.20991993282844584, 0.2519586187865824]",A
6,0,19,observer_correct_answer,"[0.23353970258094228, 0.24474343273413351, 0.26562295783549744, 0.2560939068494266]",C
6,0,20,observer_correct_answer,"[0.2203159570786007, 0.27446826785272693, 0.27004054681131506, 0.23517522825735743]",B
6,0,21,observer_correct_answer,"[0.21664636287845948, 0.2664518766632219, 0.26058779212641825, 0.2563139683319004]",B
6,0,22,observer_correct_answer,"[0.21099842599491683, 0.23573038499363633, 0.2824619713661097, 0.27080921764533733]",C
6,0,23,observer_correct_answer,"[0.22969799118999615, 0.27325776034577265, 0.24522228085355788, 0.2518219676106734]",B
6,0,24,observer_correct_answer,"[0.1982839375496786, 0.26220993394842457, 0.2667086118338601, 0.2727975166680366]",D
6,0,25,observer_correct_answer,"[0.24254588262408452, 0.25298571550226595, 0.2745069772264613, 0.22996142464718813]",C
6,0,26,observer_correct_answer,"[0.20248563338413625, 0.2371554433883538, 0.23453708231714016, 0.32582184091037]",D
6,0,27,observer_correct_answer,"[0.22200312583817197, 0.2891567019462163, 0.25625062393051173, 0.23258954828509992]",B
6,1,0,observer_correct_answer,"[0.2565469413021086, 0.2769120872617425, 0.2676947619213731, 0.1988462095147758]",B
6,1,1,observer_correct_answer,"[0.2351291842745254, 0.24800815228375428, 0.24621906821662093, 0.27064359522509973]",D
6,1,2,observer_correct_answer,"[0.24309321549682866, 0.2627743130150916, 0.21763745714434998, 0.2764950143437298]",D
6,1,3,observer_correct_answer,"[0.26365007680270636, 0.22043012249458804, 0.2180662235666093, 0.2978535771360962]",D
6,1,4,observer_correct_answer,"[0.2422750760632489, 0.269172545075841, 0.22847681337228892, 0.2600755654886212]",B
6,1,5,observer_correct_answer,"[0.21482361582248, 0.30801513826259425, 0.2467754365694237, 0.23038580934550196]",B
6,1,6,observer_correct_answer,"[0.28629489074610665, 0.2265919139444026, 0.22234060727680696, 0.26477258803268383]",A
6,1,7,observer_correct_answer,"[0.2092222148273981, 0.23425171842271714, 0.2741384008819614, 0.28238766586792347]",D
6,1,8,observer_correct_answer,"[0.2758206889847025, 0.23386993950377577, 0.24340892902298297, 0.24690044248853876]",A
6,1,9,observer_correct_answer,"[0.20739198819645874, 0.2835609761855431, 0.28595764874487106, 0.22308938687312715]",C
6,1,10,observer_correct_answer,"[0.2824749208045887, 0.21872049376297217, 0.2699902365879136, 0.22881434884452537]",A
6,1,11,observer_correct_answer,"[0.23794041659965853, 0.23553108353701724, 0.27091136856629605, 0.2556171312970284]",C
6,1,12,observer_correct_answer,"[0.21084457859703212, 0.26426616809652775, 0.30151468574150014, 0.22337456756493998]",C
6,1,13,observer_correct_answer,"[0.22522683696214904, 0.2552286277593245, 0.2519431941230497, 0.2676013411554769]",D
6,1,14,observer_correct_answer,"[0.26160018840857496, 0.28465870370862156, 0.23828882404729085, 0.2154522838355126]",B
6,1,15,observer_correct_answer,"[0.25336529275988207, 0.21944227160221055, 0.2419219008133282, 0.2852705348245793]",D
6,1,16,observer_correct_answer,"[0.21878174508799478, 0.23649364359738173, 0.24696189784231456, 0.2977627134723088]",D
6,1,17,observer_correct_answer,"[0.24104298225554247, 0.2642683011655217, 0.2545189370447344, 0.2401697795342016]",B
6,1,18,observer_correct_answer,"[0.24576703903751873, 0.2709741894748873, 0.25339939417494595, 0.22985937731264788]",B
6,1,19,observer_correct_answer,"[0.24362686499330866, 0.24743464840181736, 0.2610388801735111, 0.24789960643136283]",C
6,1,20,observer_correct_answer,"[0.22047496400868874, 0.2770356980084257, 0.2616724049561784, 0.24081693302670695]",B
6,1,21,observer_correct_answer,"[0.20319597392230113, 0.2916639891707775, 0.22756200316347436, 0.2775780337434467]",B
6,1,22,observer_correct_answer,"[0.26014451891125556, 0.22352860656331447, 0.2789051134758322, 0.23742176104959778]",C
6,1,23,observer_correct_answer,"[0.2689826777167503, 0.24989233776483122, 0.20233022065203726, 0.2787947638663812]",D
6,1,24,observer_correct_answer,"[0.2646551494005028, 0.2633821718306763, 0.25579320729324495, 0.21616947147557605]",A
6,1,25,observer_correct_answer,"[0.25347131748122614, 0.23034836783207463, 0.2622120099100056, 0.25396830477669374]",C
6,1,26,observer_correct_answer,"[0.21911412196187363, 0.2596994931293539, 0.26050937739540847, 0.260677007513364]",D
6,1,27,observer_correct_answer,"[0.2600850101599234, 0.25297696970362077, 0.2663489919923004, 0.22058902814415512]",C
6,2,0,observer_correct_answer,"[0.2616061494732097, 0.26619079015745917, 0.2415983399928677, 0.23060472037646335]",B
6,2,1,observer_correct_answer,"[0.26346653974993184, 0.23548106368204044, 0.24848781062469902, 0.25256458594332853]",A
6,2,2,observer_correct_answer,"[0.24918523487375424, 0.2537900632722061, 0.2572314555427584, 0.239793246311281]",C
6,2,3,observer_correct_answer,"[0.25244304804511236, 0.23704642646153296, 0.24050398641491819, 0.27000653907843625]",D
6,2,4,observer_correct_answer,"[0.23995160129130166, 0.2518582725064444, 0.2625995266777855, 0.2455905995244685]",C
6,2,5,observer_correct_answer,"[0.25461692855847573, 0.255408819399434, 0.24657581961000646, 0.243398432432084]",B
6,2,6,observer_correct_answer,"[0.250589393315473, 0.25167132944450415, 0.23832968399225155, 0.2594095932477715]",D
6,2,7,observer_correct_answer,"[0.24673207309403894, 0.2563739123239709, 0.2578641329085156, 0.23902988167347453]",C
6,2,8,observer_correct_answer,"[0.23820858765903652, 0.2610022756259798, 0.2544081817046871, 0.24638095501029686]",B
6,2,9,observer_correct_answer,"[0.24733381261734616, 0.2550678764479949, 0.2530491149883181, 0.2445491959463406]",B
6,2,10,observer_correct_answer,"[0.2674900787026776, 0.2180946859219787, 0.26750428395442766, 0.24691095142091582]",C
6,2,11,observer_correct_answer,"[0.24657640256253857, 0.2543338396621401, 0.24669265893250503, 0.2523970988428162]",B
6,2,12,observer_correct_answer,"[0.26665464456854787, 0.23692257213273554, 0.25940484783700474, 0.23701793546171196]",A
6,2,13,observer_correct_answer,"[0.23105694397984367, 0.2580328700382995, 0.26218510540328016, 0.24872508057857678]",C
6,2,14,observer_correct_answer,"[0.2715922883964651, 0.24295703362517346, 0.24225269218113976, 0.2431979857972216]",A
6,2,15,observer_correct_answer,"[0.25129689514625325, 0.22841257001984305, 0.26667015807071065, 0.25362037676319277]",C
6,2,16,observer_correct_answer,"[0.2486971385796069, 0.2177297520321411, 0.2866298717121121, 0.2469432376761398]",C
6,2,17,observer_correct_answer,"[0.28749420313454077, 0.2353739316499139, 0.26173644639518834, 0.21539541882035707]",A
6,2,18,observer_correct_answer,"[0.25928110249750946, 0.24251324829763576, 0.23838808113877974, 0.2598175680660751]",D
6,2,19,observer_correct_answer,"[0.25240147595115914, 0.2516227110564281, 0.2611654213905253, 0.23481039160188752]",C
6,2,20,observer_correct_answer,"[0.25535627855133375, 0.25161683357659964, 0.22612826246475676, 0.26689862540730974]",D
6,2,21,observer_correct_answer,"[0.26843605986966684, 0.259942361912449, 0.23575746367109543, 0.23586411454678885]",A
6,2,22,observer_correct_answer,"[0.23783705026435478, 0.24979768145545922, 0.26446845127909796, 0.24789681700108793]",C
6,2,23,observer_correct_answer,"[0.24736830906733284, 0.24255093399362548, 0.24996135929821756, 0.26011939764082387]",D
6,2,24,observer_correct_answer,"[0.2300504446025104, 0.2526214188403866, 0.27045406303586, 0.24687407352124316]",C
6,2,25,observer_correct_answer,"[0.2594137317031184, 0.24250130505311934, 0.23612798923724998, 0.26195697400651224]",D
6,2,26,observer_correct_answer,"[0.28231145400662444, 0.24840157204236424, 0.23896406935572057, 0.23032290459529114]",A
6,2,27,observer_correct_answer,"[0.2562251176418338, 0.2035844704642943, 0.2539962361860443, 0.2861941757078279]",D
6,3,0,observer_correct_answer,"[0.25865640246919386, 0.2610318023276508, 0.2477916928801299, 0.23252010232302553]",B
6,3,1,observer_correct_answer,"[0.2402742869550524, 0.21633622001121855, 0.25049682306953985, 0.292892669964189]",D
6,3,2,observer_correct_answer,"[0.25663524156544953, 0.256148599737642, 0.23351991568697272, 0.2536962430099359]",A
6,3,3,observer_correct_answer,"[0.2649495156120244, 0.2512319011876255, 0.22644775903094908, 0.2573708241694009]",A
6,3,4,observer_correct_answer,"[0.244828942461621, 0.2195948127942416, 0.278163626149562, 0.25741261859457526]",C
6,3,5,observer_correct_answer,"[0.2205415321986973, 0.264026688731513, 0.2539464674873037, 0.26148531158248606]",B
6,3,6,observer_correct_answer,"[0.27609597248621887, 0.22044160130194443, 0.2736885930828559, 0.2297738331289809]",A
6,3,7,observer_correct_answer,"[0.24797762248034375, 0.2503225759579002, 0.2799443176513166, 0.22175548391043945]",C
6,3,8,observer_correct_answer,"[0.23627614701626057, 0.2507753276964895, 0.2821392430243307, 0.23080928226291905]",C
6,3,9,observer_correct_answer,"[0.2527685968628699, 0.29295941776967516, 0.22506505759646137, 0.22920692777099372]",B
6,3,10,observer_correct_answer,"[0.2718012100907275, 0.22446333403799645, 0.25935729855743567, 0.24437815731384047]",A
6,3,11,observer_correct_answer,"[0.22128268141310045, 0.28184532248874977, 0.22534510176122852, 0.2715268943369214]",B
6,3,12,observer_correct_answer,"[0.2394562387176089, 0.24686362352593916, 0.2837121399203674, 0.22996799783608435]",C
6,3,13,observer_correct_answer,"[0.25461198995793755, 0.26868608544672384, 0.22226254143304988, 0.2544393831622885]",B
6,3,14,observer_correct_answer,"[0.27962860030399667, 0.2307656629467698, 0.23211636384363318, 0.25748937290560053]",A
6,3,15,observer_correct_answer,"[0.22551733891630915, 0.25384518085766633, 0.23195477040962006, 0.2886827098164045]",D
6,3,16,observer_correct_answer,"[0.2336080699180482, 0.21859353234619913, 0.33035537806939885, 0.21744301966635382]",C
6,3,17,observer_correct_answer,"[0.20483707127434886, 0.19810693703967003, 0.3023282571581358, 0.2947277345278451]",C
6,3,18,observer_correct_answer,"[0.23864547051636442, 0.25330306449766415, 0.28523704391217297, 0.22281442107379856]",C
6,3,19,observer_correct_answer,"[0.2316701661194579, 0.2459553027702817, 0.23948457243371418, 0.28288995867654626]",D
6,3,20,observer_correct_answer,"[0.2405370509250745, 0.24209357389820274, 0.2799544470816211, 0.2374149280951019]",C
6,3,21,observer_correct_answer,"[0.23265332011652998, 0.2639285993193892, 0.2569108328509658, 0.2465072477131151]",B
6,3,22,observer_correct_answer,"[0.22517903232150427, 0.3046890723341639, 0.22868336416349827, 0.24144853118083368]",B
6,3,23,observer_correct_answer,"[0.24270081320869194, 0.25639444139622963, 0.25128406727923525, 0.24962067811584288]",B
6,3,24,observer_correct_answer,"[0.2517517401642051, 0.26711163552437317, 0.26211200824395336, 0.21902461606746837]",B
6,3,25,observer_correct_answer,"[0.22890067276143058, 0.24946672737589476, 0.292403568207864, 0.2292290316548106]",C
6,3,26,observer_correct_answer,"[0.28000268667325995, 0.24258760628249115, 0.23730098857051807, 0.24010871847373108]",A
6,3,27,observer_correct_answer,"[0.27733081780721247, 0.24963989120337784, 0.23327994180073966, 0.2397493491886701]",A
6,4,0,observer_correct_answer,"[0.2395227170724755, 0.24296436070947838, 0.26868593042102457, 0.2488269917970215]",C
6,4,1,observer_correct_answer,"[0.25099539230140344, 0.23028609851910356, 0.2590936212838667, 0.2596248878956265]",D
6,4,2,observer_correct_answer,"[0.27197800968154734, 0.23471088996320758, 0.21137122218935248, 0.28193987816589294]",D
6,4,3,observer_correct_answer,"[0.2696865477891725, 0.23634608835733337, 0.22357407343924837, 0.27039329041424576]",D
6,4,4,observer_correct_answer,"[0.2540268815992377, 0.26835972965140414, 0.2431132924047826, 0.23450009634457547]",B
6,4,5,observer_correct_answer,"[0.2618882352841429, 0.24952303689362715, 0.2484585911910437, 0.2401301366311861]",A
6,4,6,observer_correct_answer,"[0.2427082203278124, 0.23333136950881764, 0.22855738132126335, 0.2954030288421067]",D
6,4,7,observer_correct_answer,"[0.2528841196049228, 0.2448204174005939, 0.24207565678304063, 0.26021980621144264]",D
6,4,8,observer_correct_answer,"[0.24847636023455671, 0.2651120526835794, 0.22877257673248078, 0.25763901034938314]",B
6,4,9,observer_correct_answer,"[0.25981188097308255, 0.2479148216719305, 0.2529581417975344, 0.23931515555745267]",A
6,4,10,observer_correct_answer,"[0.2584412735054419, 0.23058201225590963, 0.2758366008518581, 0.23514011338679056]",C
6,4,11,observer_correct_answer,"[0.23090616157417249, 0.2966977381106461, 0.24426071932278287, 0.22813538099239838]",B
6,4,12,observer_correct_answer,"[0.23942209421088229, 0.21664527111606763, 0.26408036535706103, 0.2798522693159891]",D
6,4,13,observer_correct_answer,"[0.2857957980846916, 0.23713533548317178, 0.25986883683497447, 0.21720002959716217]",A
6,4,14,observer_correct_answer,"[0.2472063328973061, 0.27638466022004365, 0.19515402842380553, 0.2812549784588447]",D
6,4,15,observer_correct_answer,"[0.24883700388043664, 0.2434507420227971, 0.24123639360917093, 0.26647586048759525]",D
6,4,16,observer_correct_answer,"[0.2593494089811372, 0.26306068875595634, 0.2554056094209226, 0.2221842928419838]",B
6,4,17,observer_correct_answer,"[0.26980918227730744, 0.23922596102070662, 0.2425055193887707, 0.2484593373132151]",A
6,4,18,observer_correct_answer,"[0.2630378301272342, 0.24816314829808042, 0.24820119070004262, 0.24059783087464273]",A
6,4,19,observer_correct_answer,"[0.21653938393753056, 0.24628961699213195, 0.272439623724693, 0.2647313753456446]",C
6,4,20,observer_correct_answer,"[0.27215670843013307, 0.22612516167178282, 0.23201718483275852, 0.2697009450653256]",A
6,4,21,observer_correct_answer,"[0.24644460469511348, 0.2222949844132746, 0.24951047011765876, 0.2817499407739533]",D
6,4,22,observer_correct_answer,"[0.23638531745361505, 0.27150373205235895, 0.24319215125686483, 0.24891879923716126]",B
6,4,23,observer_correct_answer,"[0.2504410758494144, 0.26721692378040557, 0.24233384949496115, 0.2400081508752189]",B
6,4,24,observer_correct_answer,"[0.25410008602833084, 0.23735086403534852, 0.24983153829780116, 0.25871751163851947]",D
6,4,25,observer_correct_answer,"[0.2687718856608736, 0.23978891748615028, 0.2197091789128988, 0.27173001794007734]",D
6,4,26,observer_correct_answer,"[0.2720856406950405, 0.25620604223690574, 0.23191497355253926, 0.2397933435155143]",A
6,4,27,observer_correct_answer,"[0.2395287566901509, 0.24654112856088184, 0.25113912337334904, 0.26279099137561857]",D
